{"type":"FeatureCollection", "features": [
{"type":"Feature","geometry":{"type":"Polygon","coordinates":[[[31.29,-22.4],[31.43,-22.3],[32.37,-21.33],[32.35,-21.14],[32.48,-20.95],[32.48,-20.71],[32.67,-20.52],[32.99,-19.98],[33.01,-19.87],[32.78,-19.39],[32.85,-19.1],[32.72,-19],[32.72,-18.83],[32.85,-18.76],[32.99,-18.36],[32.96,-18.08],[32.97,-17.25],[32.88,-16.88],[32.95,-16.71],[32.24,-16.45],[31.94,-16.43],[31.69,-16.21],[31.49,-16.18],[31.24,-16.02],[30.44,-16],[30.4,-15.64],[29.73,-15.64],[29.29,-15.78],[28.91,-15.99],[28.83,-16.42],[28.76,-16.53],[28.4,-16.66],[27.93,-16.9],[27.76,-17.06],[27.44,-17.51],[27.02,-17.96],[26.78,-18.04],[26.33,-17.93],[25.86,-17.95],[25.64,-17.82],[25.26,-17.79],[25.22,-17.92],[25.49,-18.35],[25.76,-18.65],[25.94,-18.94],[25.95,-19.08],[26.17,-19.54],[26.68,-19.89],[27.09,-20.05],[27.22,-20.15],[27.28,-20.48],[27.7,-20.53],[27.67,-21.06],[28.05,-21.57],[28.53,-21.65],[29.04,-21.81],[29.11,-22.07],[29.36,-22.19],[29.66,-22.15],[30.19,-22.29],[30.46,-22.33],[31.07,-22.31],[31.29,-22.4]]]},"properties":{"name":"Zimbabwe"}},
{"type":"Feature","geometry":{"type":"Polygon","coordinates":[[[30.4,-15.64],[30.35,-15.35],[30.23,-14.99],[30.67,-14.82],[31.54,-14.58],[31.73,-14.5],[33.2,-14.01],[32.99,-14.02],[32.67,-13.61],[32.85,-13.46],[32.97,-13.22],[33.02,-12.63],[33.4,-12.49],[33.25,-12.11],[33.3,-11.89],[33.23,-11.53],[33.38,-11.16],[33.26,-10.89],[33.46,-10.78],[33.66,-10.59],[33.53,-10.23],[33.31,-10.04],[33.35,-9.86],[33.2,-9.63],[33,-9.62],[32.92,-9.41],[32.43,-9.16],[31.94,-9.05],[31.92,-8.94],[31.67,-8.91],[31.53,-8.71],[31.35,-8.61],[31.08,-8.61],[30.83,-8.39],[30.75,-8.19],[28.97,-8.46],[28.92,-8.7],[28.62,-9.07],[28.4,-9.22],[28.54,-9.51],[28.63,-9.83],[28.61,-10.4],[28.64,-10.67],[28.54,-10.8],[28.36,-11.48],[28.48,-11.81],[28.85,-12.12],[29.06,-12.35],[29.43,-12.43],[29.56,-12.2],[29.8,-12.16],[29.8,-13.39],[29.65,-13.41],[29.55,-13.25],[29.2,-13.4],[29.01,-13.37],[28.67,-12.86],[28.55,-12.84],[28.36,-12.48],[27.86,-12.28],[27.53,-12.2],[27.42,-11.94],[27.24,-11.78],[27.2,-11.61],[27.05,-11.62],[26.95,-11.9],[26.6,-11.97],[26.03,-11.89],[25.35,-11.62],[25.18,-11.24],[24.67,-11.35],[24.52,-11.44],[24.32,-11.07],[24.14,-11.03],[23.97,-10.87],[24.05,-11.41],[23.97,-11.64],[23.96,-12.12],[23.99,-12.42],[23.84,-13],[21.98,-13],[21.98,-14.76],[21.98,-15.96],[22.15,-16.6],[22.31,-16.69],[22.96,-17.29],[23.38,-17.64],[24.27,-17.48],[24.93,-17.54],[25.26,-17.79],[25.64,-17.82],[25.86,-17.95],[26.33,-17.93],[26.78,-18.04],[27.02,-17.96],[27.44,-17.51],[27.76,-17.06],[27.93,-16.9],[28.4,-16.66],[28.76,-16.53],[28.83,-16.42],[28.91,-15.99],[29.29,-15.78],[29.73,-15.64],[30.4,-15.64]]]},"properties":{"name":"Zambia"}},
{"type":"Feature","geometry":{"type":"MultiPolygon","coordinates":[[[[53.09,16.65],[52.8,17.27],[52.73,17.3],[51.98,19],[50.36,18.78],[49.19,18.62],[49.04,18.58],[48.17,18.16],[47.58,17.45],[47.44,17.11],[47.14,16.95],[46.98,16.95],[46.68,17.27],[46.31,17.23],[45.41,17.32],[45.15,17.43],[44.16,17.4],[43.92,17.32],[43.71,17.37],[43.42,17.52],[43.19,17.36],[43.12,16.94],[43.17,16.69],[42.8,16.37],[42.84,16.03],[42.72,15.65],[42.8,15.37],[42.66,15.23],[42.86,15.13],[43.02,14.55],[43.09,14.01],[43.23,13.86],[43.28,13.64],[43.23,13.27],[43.48,12.84],[43.93,12.62],[44.36,12.67],[44.62,12.82],[44.76,12.76],[45.04,12.82],[45.16,13],[45.39,13.07],[45.66,13.34],[46.2,13.42],[46.5,13.42],[46.79,13.47],[47.41,13.66],[47.63,13.86],[47.99,14.05],[48.28,14],[48.67,14.05],[49,14.36],[49.05,14.46],[49.35,14.64],[49.91,14.83],[50.17,14.85],[50.53,15.04],[51.02,15.14],[51.6,15.34],[52.22,15.66],[52.17,15.96],[52.33,16.29],[52.58,16.47],[53.09,16.65]]],[[[53.76,12.64],[53.64,12.71],[53.43,12.66],[53.32,12.53],[53.6,12.34],[54.13,12.36],[54.51,12.55],[54.19,12.66],[53.76,12.64]]]]},"properties":{"name":"Yemen"}},
{"type":"Feature","geometry":{"type":"Polygon","coordinates":[[[107.97,21.51],[107.8,21.65],[107.35,21.61],[107.01,21.89],[106.73,22],[106.54,22.4],[106.58,22.57],[106.78,22.78],[106.54,22.91],[106.25,22.87],[106.15,22.97],[105.84,22.92],[105.55,23.07],[105.28,23.35],[104.86,23.14],[104.8,22.91],[104.37,22.7],[104.21,22.81],[104.05,22.75],[103.92,22.54],[103.62,22.78],[103.47,22.6],[103.36,22.75],[103.01,22.45],[102.52,22.74],[102.43,22.73],[102.13,22.38],[102.18,22.28],[102.58,21.9],[102.7,21.66],[102.85,21.73],[102.95,21.57],[102.85,21.27],[103.1,20.89],[103.64,20.7],[104.05,20.94],[104.2,20.91],[104.58,20.65],[104.39,20.42],[104.62,20.37],[104.7,20.21],[104.89,20.17],[104.93,20.02],[104.74,19.75],[104.55,19.61],[104.26,19.69],[104.03,19.68],[104.06,19.48],[103.9,19.34],[104.72,18.8],[105.12,18.68],[105.09,18.45],[105.33,18.19],[105.46,18.15],[105.69,17.74],[106.01,17.42],[106.27,17.22],[106.5,16.95],[106.55,16.65],[106.7,16.46],[106.83,16.53],[106.93,16.35],[107.4,16.04],[107.19,15.75],[107.65,15.26],[107.48,14.98],[107.52,14.71],[107.36,14.37],[107.33,14.13],[107.61,13.44],[107.48,13.03],[107.56,12.54],[107.51,12.36],[107.16,12.28],[106.93,12.08],[106.7,11.98],[106.41,11.95],[106.34,11.68],[106.01,11.76],[105.85,11.64],[105.86,11.29],[106.17,11.01],[106.1,10.8],[105.76,10.99],[105.39,10.94],[105.31,10.85],[105.02,10.89],[105.06,10.73],[104.85,10.53],[104.56,10.52],[104.43,10.41],[104.66,10.17],[104.8,10.2],[105.03,10.07],[105.09,9.9],[104.9,9.82],[104.85,9.61],[104.82,8.8],[104.89,8.58],[105.11,8.63],[105.32,8.8],[105.5,9.09],[106.17,9.4],[106.2,9.68],[106.38,9.56],[106.57,9.64],[106.6,9.86],[106.79,10.12],[106.81,10.43],[107.09,10.5],[107.26,10.4],[107.85,10.7],[108,10.72],[108.09,10.9],[108.27,10.93],[108.82,11.32],[108.99,11.34],[109.04,11.59],[109.2,11.72],[109.22,12.65],[109.42,12.96],[109.27,13.28],[109.25,13.85],[109.3,13.86],[109.09,14.55],[109.08,14.72],[108.94,15],[108.82,15.38],[108.67,15.48],[108.29,15.99],[108.27,16.09],[108.03,16.33],[107.83,16.32],[107.72,16.49],[107.18,16.9],[107.12,17.06],[106.74,17.37],[106.48,17.72],[106.5,17.95],[106.24,18.22],[105.89,18.5],[105.62,18.97],[105.79,19.29],[105.81,19.59],[105.98,19.94],[106.17,19.99],[106.52,20.29],[106.55,20.53],[106.75,20.74],[106.68,20.96],[107.35,21.06],[107.41,21.28],[107.97,21.51]]]},"properties":{"name":"Vietnam"}},
{"type":"Feature","geometry":{"type":"Polygon","coordinates":[[[70.95,42.25],[70.61,42.05],[70.42,42.08],[70.1,41.82],[69.66,41.67],[69.06,41.37],[68.99,41.21],[68.58,40.88],[68.6,40.66],[68.29,40.66],[68.05,40.81],[68.11,41.03],[67.94,41.2],[66.81,41.14],[66.67,41.27],[66.5,41.99],[66.01,42],[66.1,42.99],[65.8,42.88],[65.5,43.31],[65.27,43.42],[64.91,43.71],[64.44,43.55],[63.21,43.63],[61.99,43.49],[61.16,44.17],[61.01,44.39],[60.19,44.78],[58.56,45.56],[57.48,45.34],[55.98,44.99],[55.98,43.62],[55.98,42.47],[55.98,41.32],[57.02,41.26],[56.96,41.86],[57.38,42.16],[57.81,42.19],[58.03,42.49],[58.23,42.45],[58.26,42.69],[58.48,42.66],[58.59,42.78],[58.88,42.56],[59.12,42.52],[59.45,42.3],[59.86,42.3],[60.01,42.19],[59.96,41.95],[60.11,41.91],[60.14,41.59],[60.09,41.4],[60.45,41.22],[60.75,41.25],[61.33,41.2],[61.5,41.28],[61.8,41.16],[61.95,41.03],[62.1,40.68],[62.38,40.33],[62.44,40.04],[62.65,39.86],[63.51,39.38],[63.72,39.19],[64.16,38.95],[64.31,38.98],[64.66,38.74],[65.61,38.24],[65.86,38.27],[66.17,38.17],[66.63,37.93],[66.53,37.79],[66.52,37.35],[67.07,37.33],[67.32,37.21],[67.52,37.27],[67.76,37.17],[67.81,37.49],[68.29,38.03],[68.33,38.24],[68.14,38.38],[68.05,38.67],[68.1,38.96],[67.68,39.01],[67.62,39.15],[67.35,39.24],[67.43,39.47],[67.72,39.62],[68.46,39.54],[68.64,39.84],[68.87,39.91],[68.65,40.18],[68.95,40.22],[69.23,40.19],[69.3,40.33],[69.21,40.57],[69.41,40.8],[69.71,40.66],[70.29,40.89],[70.44,41.02],[70.75,40.74],[70.38,40.45],[70.65,40.2],[70.96,40.24],[71.3,40.29],[71.69,40.15],[71.96,40.26],[72.13,40.44],[72.36,40.4],[73.11,40.79],[72.99,40.86],[72.62,40.88],[72.16,41.17],[71.88,41.2],[71.79,41.41],[71.42,41.34],[71.41,41.14],[71.11,41.15],[70.78,41.26],[70.65,41.46],[70.47,41.41],[70.18,41.57],[70.45,41.73],[70.84,42.02],[71.23,42.16],[70.95,42.25]]]},"properties":{"name":"Uzbekistan"}},
{"type":"Feature","geometry":null,"properties":{"name":"Micronesia"}},
{"type":"Feature","geometry":null,"properties":{"name":"N. Mariana Is."}},
{"type":"Feature","geometry":null,"properties":{"name":"Guam"}},
{"type":"Feature","geometry":null,"properties":{"name":"Br. Indian Ocean Ter."}},
{"type":"Feature","geometry":{"type":"Polygon","coordinates":[[[56.3,25.65],[56.14,25.69],[56.17,26.05],[56.08,26.06],[55.94,25.79],[55.52,25.5],[55.1,25.04],[54.75,24.81],[54.4,24.28],[53.89,24.08],[53.33,24.1],[52.65,24.15],[52.25,24],[51.91,23.99],[51.77,24.25],[51.57,24.29],[51.59,24.08],[52.56,22.93],[53.83,22.78],[55.1,22.62],[55.19,22.7],[55.2,23.03],[55.51,23.72],[55.55,23.99],[55.99,24.06],[55.93,24.22],[55.76,24.24],[55.8,24.87],[55.92,24.97],[56.06,24.74],[56.39,24.98],[56.36,25.57],[56.3,25.65]]]},"properties":{"name":"United Arab Emirates"}},
{"type":"Feature","geometry":{"type":"Polygon","coordinates":[[[38.21,47.09],[38.29,47.56],[38.72,47.71],[38.9,47.86],[39.74,47.84],[39.96,48.24],[39.84,48.54],[39.64,48.59],[39.79,48.81],[39.69,49.01],[40.07,49.2],[40.13,49.37],[40.03,49.6],[39.78,49.57],[39.17,49.86],[38.92,49.82],[38.26,50.05],[38.05,49.92],[37.7,50.11],[37.42,50.41],[36.76,50.29],[36.62,50.21],[35.89,50.44],[35.67,50.35],[35.41,50.54],[35.44,50.73],[35.31,51.04],[35.06,51.2],[34.71,51.17],[34.28,51.31],[34.12,51.68],[34.4,51.78],[34.11,51.98],[33.92,52.25],[33.74,52.34],[33.15,52.34],[32.9,52.26],[32.51,52.31],[32.28,52.11],[31.97,52.05],[31.76,52.1],[31.35,52.11],[30.98,52.05],[30.67,51.81],[30.53,51.6],[30.63,51.36],[30.33,51.33],[30.16,51.48],[29.35,51.38],[29.14,51.62],[28.65,51.46],[28.6,51.54],[28.18,51.61],[27.27,51.61],[27.14,51.75],[26.45,51.81],[25.93,51.91],[25.27,51.94],[24.36,51.87],[23.95,51.59],[23.61,51.52],[23.66,51.31],[24.11,50.84],[24.09,50.62],[23.97,50.41],[23.71,50.38],[23.04,49.9],[22.65,49.54],[22.71,49.17],[22.54,49.07],[22.13,48.41],[22.88,47.95],[23.2,48.08],[24.18,47.91],[24.58,47.93],[24.89,47.72],[25.46,47.91],[26.16,47.99],[26.31,48.2],[26.62,48.26],[26.85,48.39],[27.23,48.37],[27.55,48.48],[27.82,48.42],[28.33,48.16],[28.77,48.12],[28.97,47.93],[29.19,47.88],[29.16,47.46],[29.55,47.25],[29.57,46.96],[29.88,46.83],[29.92,46.54],[29.84,46.35],[29.15,46.53],[28.93,46.42],[29.01,46.18],[28.95,46.05],[28.49,45.67],[28.47,45.51],[28.21,45.45],[28.45,45.29],[28.76,45.23],[29.22,45.4],[29.57,45.37],[29.71,45.26],[29.6,45.68],[30.22,45.87],[30.51,46.11],[30.8,46.55],[31.53,46.66],[31.78,46.63],[31.97,46.71],[32.36,46.47],[32.01,46.43],[32.04,46.26],[32.48,46.08],[33.2,46.18],[33.43,46.06],[33.59,46.1],[33.66,46.22],[34.03,46.11],[34.69,45.98],[34.8,45.79],[35,45.73],[34.86,45.99],[34.85,46.19],[35.06,46.27],[35.23,46.44],[35.4,46.38],[35.83,46.62],[36.28,46.66],[37.34,46.92],[37.54,47.07],[38.21,47.09]]]},"properties":{"name":"Ukraine"}},
{"type":"Feature","geometry":{"type":"Polygon","coordinates":[[[33.9,-1],[33.94,0.17],[34.16,0.61],[34.41,0.87],[34.48,1.04],[34.79,1.23],[34.78,1.38],[34.97,1.64],[34.96,2.06],[34.88,2.42],[34.74,2.82],[34.59,2.92],[34.45,3.16],[34.39,3.69],[34.17,3.81],[33.98,4.22],[33.49,3.76],[33.15,3.77],[33,3.88],[32.84,3.8],[32.34,3.71],[32.1,3.53],[31.94,3.61],[31.8,3.8],[31.48,3.68],[31.15,3.79],[30.93,3.63],[30.84,3.49],[30.91,3.41],[30.75,3.04],[30.85,2.85],[30.73,2.46],[30.96,2.4],[31.18,2.27],[31.25,2.04],[30.94,1.68],[30.48,1.24],[30.32,1.19],[30.18,0.97],[29.94,0.82],[29.93,0.5],[29.72,0.1],[29.56,-0.98],[29.58,-1.39],[29.83,-1.34],[29.88,-1.45],[30.1,-1.37],[30.36,-1.07],[30.51,-1.07],[30.84,-1],[32.02,-1],[33.9,-1]]]},"properties":{"name":"Uganda"}},
{"type":"Feature","geometry":{"type":"Polygon","coordinates":[[[55.98,41.32],[55.55,41.26],[55.25,41.46],[54.9,41.92],[54.68,42.08],[54.12,42.34],[53.69,42.3],[53.25,42.21],[52.87,42.06],[52.49,41.78],[52.61,41.53],[52.83,41.34],[52.88,41.65],[52.81,41.71],[52.97,41.98],[53.16,42.09],[53.62,42.14],[53.85,42.09],[54.09,41.52],[54.59,41.19],[54.71,40.89],[54.32,40.83],[54.19,40.72],[53.87,40.65],[53.62,40.82],[53.15,40.82],[52.94,41.04],[52.73,40.4],[52.74,40.22],[52.99,39.99],[53.4,39.96],[53.47,39.67],[53.24,39.61],[53.12,39.43],[53.62,39.22],[53.87,38.95],[53.82,37.93],[53.91,37.34],[54.19,37.33],[54.75,37.5],[54.85,37.72],[55.08,37.9],[55.58,38.1],[56.23,38.07],[56.44,38.25],[57.19,38.22],[57.42,37.95],[57.71,37.91],[58.44,37.64],[58.82,37.68],[59.24,37.52],[59.56,37.18],[60.06,36.96],[60.34,36.64],[61.12,36.64],[61.25,35.87],[61.26,35.62],[61.54,35.46],[61.98,35.44],[62.25,35.25],[62.61,35.23],[63.06,35.45],[63.17,35.68],[63.11,35.82],[63.86,36.01],[64.36,36.23],[64.51,36.34],[64.82,37.13],[65.09,37.24],[65.55,37.25],[65.77,37.57],[66.11,37.41],[66.52,37.35],[66.53,37.79],[66.63,37.93],[66.17,38.17],[65.86,38.27],[65.61,38.24],[64.66,38.74],[64.31,38.98],[64.16,38.95],[63.72,39.19],[63.51,39.38],[62.65,39.86],[62.44,40.04],[62.38,40.33],[62.1,40.68],[61.95,41.03],[61.8,41.16],[61.5,41.28],[61.33,41.2],[60.75,41.25],[60.45,41.22],[60.09,41.4],[60.14,41.59],[60.11,41.91],[59.96,41.95],[60.01,42.19],[59.86,42.3],[59.45,42.3],[59.12,42.52],[58.88,42.56],[58.59,42.78],[58.48,42.66],[58.26,42.69],[58.23,42.45],[58.03,42.49],[57.81,42.19],[57.38,42.16],[56.96,41.86],[57.02,41.26],[55.98,41.32]]]},"properties":{"name":"Turkmenistan"}},
{"type":"Feature","geometry":{"type":"MultiPolygon","coordinates":[[[[41.51,41.52],[41.41,41.42],[40.96,41.21],[40.27,40.96],[39.81,40.98],[39.43,41.11],[38.38,40.92],[37.91,41],[37.77,41.08],[37.07,41.18],[36.78,41.36],[36.51,41.26],[36.18,41.43],[36.05,41.68],[35.56,41.63],[35.3,41.73],[35.01,42.06],[34.75,41.96],[34.19,41.96],[33.38,42.02],[32.31,41.73],[32.09,41.59],[31.46,41.32],[31.25,41.11],[30.81,41.08],[30.34,41.2],[29.92,41.15],[29.32,41.23],[29.09,41.18],[29.05,41.01],[29.36,40.81],[28.79,40.53],[29.01,40.39],[28.29,40.4],[27.48,40.32],[27.28,40.46],[26.74,40.4],[26.31,40.03],[26.18,39.99],[26.11,39.47],[26.83,39.56],[26.68,39.29],[26.85,39.12],[26.81,38.96],[27.01,38.89],[26.76,38.71],[26.91,38.48],[26.86,38.37],[26.43,38.44],[26.29,38.28],[26.58,38.15],[26.68,38.2],[27.23,37.98],[27.22,37.73],[27.08,37.69],[27.22,37.39],[27.52,37.25],[27.35,37.02],[28.13,37.03],[27.8,36.74],[28.48,36.8],[28.72,36.7],[29.04,36.69],[29.14,36.4],[29.35,36.26],[29.69,36.16],[30.23,36.31],[30.48,36.31],[30.64,36.87],[31.35,36.8],[32.02,36.54],[32.38,36.18],[32.79,36.04],[33.69,36.18],[34.02,36.34],[34.3,36.6],[34.6,36.78],[34.81,36.8],[35.18,36.63],[35.54,36.6],[35.66,36.72],[36.05,36.91],[36.19,36.66],[35.81,36.31],[35.96,36],[35.89,35.92],[36.13,35.83],[36.35,36],[36.38,36.17],[36.64,36.26],[36.54,36.46],[36.66,36.8],[36.94,36.76],[37.07,36.65],[37.44,36.64],[38.19,36.9],[38.44,36.86],[38.77,36.69],[39.36,36.68],[40.02,36.83],[40.71,37.1],[41.52,37.09],[42.27,37.28],[42.36,37.11],[42.77,37.37],[43.09,37.37],[43.52,37.24],[43.84,37.22],[44.01,37.31],[44.21,37.2],[44.28,36.98],[44.61,37.18],[44.77,37.14],[44.79,37.29],[44.57,37.44],[44.56,37.74],[44.21,37.91],[44.43,38.36],[44.29,38.42],[44.27,38.84],[44.14,38.99],[44.18,39.14],[44.02,39.38],[44.39,39.42],[44.46,39.67],[44.59,39.77],[44.82,39.65],[44.77,39.7],[44.29,40.04],[44.01,40.01],[43.79,40.07],[43.57,40.48],[43.72,40.72],[43.63,40.93],[43.44,41.11],[42.79,41.56],[42.57,41.56],[42.47,41.44],[41.93,41.5],[41.82,41.43],[41.51,41.52]]],[[[28.01,41.97],[27.53,41.92],[27.29,42.08],[26.62,41.96],[26.32,41.72],[26.58,41.6],[26.62,41.4],[26.33,41.24],[26.33,40.95],[26.04,40.73],[26.11,40.61],[26.79,40.63],[26.25,40.31],[26.33,40.12],[26.77,40.5],[27.26,40.69],[27.5,40.97],[27.93,40.99],[28.17,41.08],[28.78,40.97],[28.96,41.01],[29.06,41.23],[28.35,41.47],[28.2,41.55],[27.99,41.85],[28.01,41.97]]]]},"properties":{"name":"Turkey"}},
{"type":"Feature","geometry":{"type":"MultiPolygon","coordinates":[[[[125.07,-9.51],[125.41,-9.28],[126.16,-9],[126.38,-8.96],[126.67,-8.78],[126.92,-8.72],[127.3,-8.42],[126.97,-8.32],[126.62,-8.46],[125.8,-8.49],[125.18,-8.65],[124.92,-8.94],[124.97,-9.29],[125.07,-9.51]]],[[[124.04,-9.34],[124.28,-9.43],[124.44,-9.19],[124.04,-9.34]]]]},"properties":{"name":"Timor-Leste"}},
{"type":"Feature","geometry":{"type":"Polygon","coordinates":[[[100.12,20.32],[99.89,20.42],[99.64,20.32],[99.34,20.08],[99.02,20.04],[98.92,19.77],[98.24,19.69],[98.11,19.76],[97.82,19.46],[97.8,19.13],[97.71,18.93],[97.75,18.62],[97.48,18.49],[97.72,18.04],[97.7,17.83],[97.79,17.68],[98.26,17.15],[98.44,16.98],[98.48,16.73],[98.69,16.31],[98.82,16.18],[98.59,16.05],[98.57,15.4],[98.19,15.2],[98.25,14.81],[98.57,14.36],[98.93,14.05],[99.14,13.72],[99.18,13.23],[99.11,13.1],[99.22,12.74],[99.41,12.55],[99.46,12.19],[99.61,11.78],[99.48,11.61],[99.19,11.11],[98.76,10.66],[98.77,10.43],[98.7,10.19],[98.49,9.56],[98.37,9.29],[98.33,8.97],[98.24,8.77],[98.24,8.42],[98.31,8.23],[98.42,8.18],[98.58,8.34],[98.7,8.26],[98.79,8.06],[99.05,7.89],[99.3,7.56],[99.36,7.37],[99.53,7.33],[99.72,7.11],[99.7,6.88],[99.87,6.75],[100.12,6.44],[100.18,6.67],[100.35,6.55],[100.79,6.43],[100.87,6.25],[101.05,6.24],[101.08,5.96],[100.98,5.77],[101.11,5.64],[101.26,5.79],[101.56,5.91],[101.65,5.8],[101.87,5.83],[102.1,6.24],[101.8,6.47],[101.5,6.87],[101.3,6.91],[101.02,6.86],[100.59,7.18],[100.42,7.19],[100.2,7.5],[100.45,7.44],[100.28,8.27],[99.96,8.67],[99.9,9.11],[99.72,9.31],[99.39,9.21],[99.16,9.73],[99.19,10.18],[99.17,10.32],[99.49,10.89],[99.63,11.46],[99.8,11.75],[99.84,11.94],[99.99,12.17],[99.96,12.69],[100.09,13.05],[100.02,13.35],[100.24,13.48],[100.66,13.52],[100.96,13.43],[100.86,12.71],[101.44,12.62],[101.72,12.69],[102.03,12.53],[102.23,12.33],[102.54,12.11],[102.76,12.01],[102.93,11.71],[102.74,12.09],[102.76,12.43],[102.5,12.67],[102.46,13.02],[102.33,13.29],[102.32,13.54],[102.54,13.66],[102.73,13.84],[102.91,14.14],[103.2,14.33],[103.6,14.42],[103.82,14.36],[104.23,14.4],[104.41,14.37],[104.78,14.43],[105.18,14.35],[105.48,14.53],[105.55,14.93],[105.49,15.13],[105.51,15.36],[105.62,15.49],[105.62,15.7],[105.37,15.89],[105.41,15.99],[105.05,16.16],[104.82,16.47],[104.75,16.65],[104.76,17.08],[104.82,17.3],[104.74,17.46],[104.43,17.7],[103.95,18.32],[103.37,18.42],[103.15,18.22],[103.05,18.03],[102.72,17.89],[102.35,18.05],[102.1,18.21],[101.77,18.03],[101.69,17.89],[101.11,17.48],[100.91,17.58],[101.11,18.03],[101.14,18.29],[101.05,18.41],[101.29,18.98],[101.15,19.58],[100.97,19.61],[100.63,19.5],[100.42,19.64],[100.4,19.76],[100.54,20.09],[100.32,20.39],[100.12,20.32]]]},"properties":{"name":"Thailand"}},
{"type":"Feature","geometry":{"type":"MultiPolygon","coordinates":[[[[32.92,-9.41],[33.33,-9.52],[33.42,-9.61],[33.7,-9.6],[33.94,-9.67],[34,-9.5],[34.32,-9.73],[34.52,-10.03],[34.58,-10.53],[34.66,-10.71],[34.6,-11.04],[34.96,-11.58],[35.63,-11.58],[35.79,-11.45],[36.08,-11.54],[36.19,-11.67],[36.52,-11.72],[36.98,-11.57],[37.22,-11.69],[37.54,-11.68],[37.83,-11.48],[37.92,-11.29],[38.18,-11.28],[38.49,-11.41],[38.79,-11.23],[39.32,-11.12],[39.56,-10.98],[39.99,-10.82],[40.46,-10.46],[40.39,-10.35],[40.08,-10.16],[39.98,-10.16],[39.78,-9.91],[39.63,-9.41],[39.64,-9.19],[39.45,-8.94],[39.3,-8.44],[39.44,-8.01],[39.43,-7.81],[39.33,-7.75],[39.29,-7.52],[39.52,-7.12],[39.47,-6.88],[39.29,-6.81],[39.23,-6.69],[38.87,-6.33],[38.8,-6.07],[38.82,-5.88],[38.98,-5.52],[39.22,-4.69],[37.8,-3.67],[37.61,-3.46],[37.69,-3.25],[37.64,-3.05],[36.9,-2.63],[35.84,-2.04],[34.98,-1.56],[33.98,-1],[33.9,-1],[32.02,-1],[30.84,-1],[30.51,-1.07],[30.47,-1.13],[30.81,-1.56],[30.82,-1.97],[30.88,-2.14],[30.83,-2.34],[30.55,-2.4],[30.42,-2.64],[30.52,-2.92],[30.78,-2.98],[30.79,-3.27],[30.43,-3.59],[30.15,-4.09],[29.95,-4.31],[29.72,-4.46],[29.4,-4.45],[29.33,-4.84],[29.34,-4.98],[29.59,-5.65],[29.48,-6.02],[29.54,-6.31],[29.71,-6.62],[30.11,-6.92],[30.31,-7.2],[30.41,-7.46],[30.75,-8.19],[30.83,-8.39],[31.08,-8.61],[31.35,-8.61],[31.53,-8.71],[31.67,-8.91],[31.92,-8.94],[31.94,-9.05],[32.43,-9.16],[32.92,-9.41]]],[[[39.5,-6.17],[39.37,-5.95],[39.19,-5.93],[39.24,-6.27],[39.57,-6.39],[39.5,-6.17]]],[[[39.87,-4.91],[39.67,-4.93],[39.7,-5.11],[39.85,-5.26],[39.87,-4.91]]]]},"properties":{"name":"Tanzania"}},
{"type":"Feature","geometry":{"type":"Polygon","coordinates":[[[67.76,37.17],[68.07,36.95],[68.67,37.26],[68.96,37.33],[69.26,37.11],[69.41,37.21],[69.49,37.55],[70.25,37.66],[70.21,37.92],[70.42,38.08],[70.62,38.33],[70.88,38.46],[71.26,38.31],[71.33,38.17],[71.28,37.92],[71.55,37.93],[71.43,37.13],[71.6,36.73],[71.8,36.69],[72.36,36.98],[72.66,37.03],[72.9,37.27],[73.48,37.47],[73.72,37.42],[73.75,37.23],[74.17,37.33],[74.26,37.42],[74.66,37.39],[74.89,37.23],[75.12,37.39],[74.89,37.6],[74.94,37.77],[74.79,38.1],[74.84,38.4],[74.75,38.51],[74.28,38.66],[74.03,38.54],[73.8,38.61],[73.7,38.85],[73.8,39],[73.61,39.23],[73.63,39.45],[73.23,39.37],[72.64,39.39],[72.36,39.34],[72.23,39.21],[72.04,39.35],[71.81,39.28],[71.73,39.42],[71.55,39.45],[71.4,39.6],[70.73,39.41],[70.61,39.56],[70.24,39.54],[69.6,39.57],[69.3,39.52],[69.23,39.76],[69.43,39.91],[69.53,40.1],[69.97,40.2],[70.45,40.05],[70.96,40.24],[70.65,40.2],[70.38,40.45],[70.75,40.74],[70.44,41.02],[70.29,40.89],[69.71,40.66],[69.41,40.8],[69.21,40.57],[69.3,40.33],[69.23,40.19],[68.95,40.22],[68.65,40.18],[68.87,39.91],[68.64,39.84],[68.46,39.54],[67.72,39.62],[67.43,39.47],[67.35,39.24],[67.62,39.15],[67.68,39.01],[68.1,38.96],[68.05,38.67],[68.14,38.38],[68.33,38.24],[68.29,38.03],[67.81,37.49],[67.76,37.17]]]},"properties":{"name":"Tajikistan"}},
{"type":"Feature","geometry":{"type":"Polygon","coordinates":[[[121.01,22.62],[121.3,22.97],[121.48,23.42],[121.64,24.13],[121.83,24.53],[121.82,24.82],[121.93,24.97],[121.85,25.1],[121.59,25.28],[121.04,25.03],[120.63,24.48],[120.16,23.71],[120.14,23.4],[120.07,23.15],[120.33,22.54],[120.58,22.36],[120.69,22.03],[120.84,21.93],[120.9,22.38],[121.01,22.62]]]},"properties":{"name":"Taiwan"}},
{"type":"Feature","geometry":{"type":"Polygon","coordinates":[[[35.89,35.92],[35.76,35.57],[35.9,35.42],[35.94,35.22],[35.9,34.85],[35.98,34.63],[36.43,34.61],[36.58,34.22],[36.28,33.89],[36.09,33.83],[35.94,33.67],[35.87,33.43],[35.82,33.36],[35.89,32.94],[35.79,32.73],[36.06,32.53],[36.37,32.39],[36.82,32.32],[38.06,32.99],[38.77,33.37],[39.56,33.77],[40.69,34.33],[40.99,34.43],[41.19,34.77],[41.22,35.29],[41.35,35.64],[41.25,36.07],[41.3,36.38],[41.42,36.51],[41.79,36.6],[42.35,37.06],[42.36,37.11],[42.27,37.28],[41.52,37.09],[40.71,37.1],[40.02,36.83],[39.36,36.68],[38.77,36.69],[38.44,36.86],[38.19,36.9],[37.44,36.64],[37.07,36.65],[36.94,36.76],[36.66,36.8],[36.54,36.46],[36.64,36.26],[36.38,36.17],[36.35,36],[36.13,35.83],[35.89,35.92]]]},"properties":{"name":"Syria"}},
{"type":"Feature","geometry":{"type":"Polygon","coordinates":[[[33.98,4.22],[35.27,5.49],[35.08,5.67],[34.96,6.05],[34.71,6.66],[34.48,6.9],[34.28,7],[34.06,7.23],[33.9,7.51],[33.67,7.67],[33.23,7.76],[33.01,7.95],[33.23,8.4],[33.41,8.45],[33.95,8.44],[34.09,8.58],[34.08,9.46],[33.89,9.46],[33.96,9.85],[33.89,10.2],[33.36,10.66],[33.14,10.74],[33.17,10.85],[33.07,11.59],[33.2,12.22],[32.72,12.22],[32.74,12.01],[32.07,12.01],[32.34,11.72],[32.35,11.25],[32.4,11.06],[31.93,10.66],[31.85,10.48],[31.65,10.22],[31.22,9.8],[30.74,9.74],[30.47,9.98],[30,10.28],[29.61,10.07],[29.6,9.92],[29.47,9.77],[29,9.61],[28.84,9.46],[28.84,9.33],[28.05,9.33],[27.89,9.6],[27.07,9.61],[26.76,9.5],[26.55,9.53],[26.17,9.97],[25.89,10.2],[25.8,10.42],[25.07,10.29],[25,10.06],[24.79,9.77],[24.78,9.53],[24.66,9.34],[24.53,8.89],[24.21,8.77],[24.15,8.67],[24.18,8.46],[24.29,8.29],[24.85,8.14],[25.25,7.72],[25.19,7.52],[25.38,7.33],[25.89,7.06],[26.36,6.64],[26.31,6.46],[26.51,6.07],[26.73,6],[27.08,5.78],[27.21,5.62],[27.26,5.29],[27.4,5.11],[27.66,4.85],[27.79,4.64],[28.19,4.35],[28.43,4.32],[28.73,4.5],[28.94,4.49],[29.15,4.39],[29.38,4.5],[29.47,4.61],[29.68,4.59],[29.87,4.33],[30.19,3.98],[30.51,3.84],[30.56,3.65],[30.76,3.62],[30.84,3.49],[30.93,3.63],[31.15,3.79],[31.48,3.68],[31.8,3.8],[31.94,3.61],[32.1,3.53],[32.34,3.71],[32.84,3.8],[33,3.88],[33.15,3.77],[33.49,3.76],[33.98,4.22]]]},"properties":{"name":"S. Sudan"}},
{"type":"Feature","geometry":{"type":"Polygon","coordinates":[[[34.08,9.46],[34.12,9.73],[34.29,10.12],[34.28,10.53],[34.43,10.79],[34.57,10.88],[34.77,10.75],[34.93,10.86],[34.96,11.28],[35.11,11.82],[35.25,11.96],[35.6,12.54],[35.82,12.68],[36.11,12.73],[36.21,13.27],[36.39,13.63],[36.52,14.26],[36.43,15.13],[36.52,15.25],[36.68,15.73],[36.91,16.3],[36.89,16.62],[36.98,16.8],[37.01,17.06],[37.41,17.06],[37.51,17.29],[37.78,17.46],[38.25,17.58],[38.61,18.01],[38.33,18.22],[38.2,18.25],[37.92,18.56],[37.47,18.82],[37.36,19.09],[37.25,19.58],[37.26,19.79],[37.19,20.12],[37.23,20.56],[37.15,21.1],[37.21,21.19],[36.93,21.59],[36.87,22],[35.89,22],[34.57,22],[32.61,22],[31.43,22],[29.56,22],[28.04,22],[26.13,22],[24.98,22],[24.98,21],[24.98,20],[23.98,20],[23.98,19.5],[23.98,18.16],[23.98,17.27],[23.98,15.78],[23.11,15.7],[22.93,15.53],[22.93,15.16],[22.76,15],[22.67,14.72],[22.38,14.55],[22.51,14.13],[22.17,13.91],[22.11,13.73],[22.23,13.33],[21.99,13.11],[21.83,12.79],[22,12.67],[22.35,12.66],[22.49,12.04],[22.58,11.99],[22.56,11.67],[22.64,11.52],[22.92,11.34],[22.86,10.92],[22.96,10.75],[23.31,10.39],[23.65,9.82],[23.62,9.34],[23.47,9.11],[23.54,8.82],[23.68,8.73],[24.15,8.67],[24.21,8.77],[24.53,8.89],[24.66,9.34],[24.78,9.53],[24.79,9.77],[25,10.06],[25.07,10.29],[25.8,10.42],[25.89,10.2],[26.17,9.97],[26.55,9.53],[26.76,9.5],[27.07,9.61],[27.89,9.6],[28.05,9.33],[28.84,9.33],[28.84,9.46],[29,9.61],[29.47,9.77],[29.6,9.92],[29.61,10.07],[30,10.28],[30.47,9.98],[30.74,9.74],[31.22,9.8],[31.65,10.22],[31.85,10.48],[31.93,10.66],[32.4,11.06],[32.35,11.25],[32.34,11.72],[32.07,12.01],[32.74,12.01],[32.72,12.22],[33.2,12.22],[33.07,11.59],[33.17,10.85],[33.14,10.74],[33.36,10.66],[33.89,10.2],[33.96,9.85],[33.89,9.46],[34.08,9.46]]]},"properties":{"name":"Sudan"}},
{"type":"Feature","geometry":{"type":"Polygon","coordinates":[[[79.98,9.81],[80.09,9.58],[80.12,9.33],[80.06,9.1],[79.93,8.9],[79.94,8.69],[79.85,8.41],[79.81,8.05],[79.71,8.07],[79.79,7.59],[79.86,6.83],[80.1,6.15],[80.27,6.01],[80.5,5.95],[80.72,5.98],[81.38,6.24],[81.64,6.43],[81.77,6.61],[81.86,6.9],[81.87,7.29],[81.67,7.78],[81.44,8.12],[81.37,8.43],[81.23,8.51],[81.2,8.66],[80.71,9.37],[80.38,9.64],[80.25,9.8],[79.98,9.81]]]},"properties":{"name":"Sri Lanka"}},
{"type":"Feature","geometry":{"type":"MultiPolygon","coordinates":[[[[126.63,37.78],[126.56,37.72],[126.75,37.19],[126.87,36.98],[126.58,37.02],[126.22,36.87],[126.18,36.69],[126.39,36.65],[126.55,36.48],[126.54,36.17],[126.69,36.01],[126.72,35.77],[126.49,35.65],[126.49,35.5],[126.29,35.15],[126.4,34.93],[126.51,34.35],[126.75,34.51],[126.9,34.44],[127.03,34.61],[127.32,34.46],[127.48,34.63],[127.39,34.74],[127.71,34.95],[128.04,35.02],[128.09,34.93],[128.44,34.87],[128.51,35.1],[128.98,35.1],[129.21,35.18],[129.42,35.5],[129.56,35.95],[129.4,36.05],[129.39,36.32],[129.47,36.74],[129.34,37.27],[129.05,37.68],[128.62,38.18],[128.37,38.62],[128.17,38.36],[128.04,38.31],[127.17,38.3],[127.01,38.24],[126.67,37.92],[126.63,37.78]]],[[[128.74,34.8],[128.72,35.01],[128.49,34.87],[128.74,34.8]]],[[[126.33,33.22],[126.58,33.24],[126.87,33.34],[126.9,33.52],[126.7,33.55],[126.34,33.46],[126.17,33.31],[126.33,33.22]]]]},"properties":{"name":"South Korea"}},
{"type":"Feature","geometry":{"type":"MultiPolygon","coordinates":[[[[29.36,-22.19],[29.13,-22.21],[28.84,-22.48],[28.38,-22.59],[28.21,-22.69],[27.89,-23.07],[27.15,-23.52],[26.99,-23.7],[26.84,-24.24],[26.4,-24.61],[25.91,-24.75],[25.83,-25],[31.99,-25],[31.99,-24.46],[31.8,-23.89],[31.55,-23.48],[31.53,-23.28],[31.29,-22.4],[31.07,-22.31],[30.46,-22.33],[30.19,-22.29],[29.66,-22.15],[29.36,-22.19]]],[[[20,-24.79],[20,-25],[20.3,-25],[20,-24.79]]]]},"properties":{"name":"South Africa"}},
{"type":"Feature","geometry":{"type":"Polygon","coordinates":[[[41.53,-1.7],[41.73,-1.43],[41.98,-0.97],[42.22,-0.74],[42.56,-0.32],[43.47,0.62],[44.03,1.11],[44.33,1.39],[44.92,1.81],[45.83,2.31],[46.05,2.48],[46.88,3.29],[47.51,3.97],[47.98,4.5],[48.23,4.95],[48.65,5.49],[49.05,6.17],[49.09,6.41],[49.35,6.99],[49.57,7.3],[49.76,7.66],[49.85,7.96],[50.1,8.2],[50.29,8.51],[50.43,8.85],[50.64,9.11],[50.83,9.43],[50.9,10.25],[51.06,10.43],[51.14,10.66],[51.08,11.34],[51.25,11.83],[50.79,11.98],[50.64,11.94],[50.47,11.73],[50.11,11.53],[49.64,11.45],[49.39,11.34],[48.94,11.26],[48.94,9.45],[47.98,8],[46.97,7.03],[46.42,6.5],[45.93,6],[44.94,4.91],[44.03,4.95],[43.54,4.84],[43.02,4.56],[42.79,4.29],[42.23,4.2],[42.02,4.14],[41.88,3.98],[41.34,3.2],[40.96,2.81],[40.97,1.38],[40.97,0.54],[40.98,-0.87],[41.52,-1.57],[41.53,-1.7]]]},"properties":{"name":"Somalia"}},
{"type":"Feature","geometry":{"type":"Polygon","coordinates":[[[48.94,11.26],[48.67,11.32],[48.44,11.29],[48.02,11.14],[47.71,11.11],[47.4,11.17],[46.97,10.93],[46.57,10.75],[45.82,10.84],[45.34,10.65],[44.94,10.44],[44.39,10.43],[44.16,10.55],[43.85,10.78],[43.63,11.04],[43.44,11.35],[43.25,11.5],[42.92,11],[42.66,10.62],[42.84,10.2],[43.07,9.93],[43.18,9.88],[43.3,9.61],[43.48,9.38],[43.62,9.34],[44.02,8.99],[44.89,8.7],[46.3,8.23],[46.98,8],[47.98,8],[48.94,9.45],[48.94,11.26]]]},"properties":{"name":"Somaliland"}},
{"type":"Feature","geometry":{"type":"Polygon","coordinates":[[[22.54,49.07],[22.02,49.21],[21.64,49.41],[21.08,49.42],[20.95,49.32],[20.36,49.39],[20,49.2],[20,48.17],[20.33,48.3],[20.49,48.53],[21.07,48.51],[21.45,48.55],[21.77,48.34],[22.13,48.41],[22.54,49.07]]]},"properties":{"name":"Slovakia"}},
{"type":"Feature","geometry":null,"properties":{"name":"Singapore"}},
{"type":"Feature","geometry":null,"properties":{"name":"Seychelles"}},
{"type":"Feature","geometry":{"type":"Polygon","coordinates":[[[22.71,44.24],[22.49,44.44],[22.5,44.71],[22.09,44.54],[21.91,44.67],[21.64,44.71],[21.38,44.87],[21.49,45.12],[20.94,45.37],[20.77,45.48],[20.78,45.75],[20.36,45.98],[20.24,46.11],[20,46.16],[20,43.05],[20.34,42.83],[20.62,43.03],[20.62,43.2],[21.06,43.09],[21.39,42.75],[21.75,42.67],[21.56,42.25],[22.24,42.36],[22.34,42.31],[22.52,42.44],[22.44,42.63],[22.47,42.84],[22.71,42.88],[22.98,43.19],[22.55,43.45],[22.39,43.71],[22.42,44.01],[22.71,44.24]]]},"properties":{"name":"Serbia"}},
{"type":"Feature","geometry":{"type":"MultiPolygon","coordinates":[[[[51.98,19],[53.67,19.56],[54.98,20],[55.39,21.24],[55.64,22],[55.19,22.7],[55.1,22.62],[53.83,22.78],[52.56,22.93],[51.59,24.08],[51.57,24.29],[51.31,24.34],[51.42,24.53],[51.27,24.61],[50.97,24.57],[50.8,24.79],[50.56,25.09],[50.46,25.42],[50.28,25.57],[50.03,26.11],[50.16,26.1],[50.21,26.31],[50.03,26.53],[49.99,26.83],[49.72,26.96],[49.54,27.15],[49.41,27.18],[49.18,27.44],[48.91,27.63],[48.77,27.96],[48.63,28.13],[48.44,28.54],[47.67,28.53],[47.43,28.99],[46.53,29.1],[46.36,29.06],[44.69,29.2],[44.1,29.62],[42.86,30.5],[42.07,31.08],[40.37,31.94],[39.15,32.12],[38.96,31.99],[36.96,31.49],[37.48,31.01],[37.98,30.5],[37.63,30.31],[37.47,30],[36.76,29.87],[36.48,29.5],[36.02,29.19],[34.95,29.35],[34.8,28.72],[34.78,28.51],[34.62,28.15],[35.18,28.03],[35.42,27.73],[35.58,27.43],[35.76,27.26],[35.85,27.07],[36.25,26.59],[36.52,26.1],[36.68,26.04],[36.76,25.75],[36.92,25.64],[37.15,25.29],[37.27,24.96],[37.18,24.82],[37.54,24.29],[37.92,24.19],[38.29,23.91],[38.46,23.71],[38.71,23.31],[38.8,23.05],[38.94,22.88],[39.1,22.39],[38.99,21.88],[39.15,21.52],[39.09,21.31],[39.28,20.97],[39.49,20.74],[39.61,20.52],[39.88,20.29],[40.08,20.27],[40.48,19.99],[40.76,19.76],[41.12,19.08],[41.23,18.68],[41.43,18.45],[41.51,18.26],[41.75,17.89],[42.05,17.67],[42.29,17.43],[42.38,17.12],[42.7,16.74],[42.8,16.37],[43.17,16.69],[43.12,16.94],[43.19,17.36],[43.42,17.52],[43.71,17.37],[43.92,17.32],[44.16,17.4],[45.15,17.43],[45.41,17.32],[46.31,17.23],[46.68,17.27],[46.98,16.95],[47.14,16.95],[47.44,17.11],[47.58,17.45],[48.17,18.16],[49.04,18.58],[49.19,18.62],[50.36,18.78],[51.98,19]]],[[[41.99,16.72],[41.95,16.94],[41.78,16.85],[41.99,16.72]]]]},"properties":{"name":"Saudi Arabia"}},
{"type":"Feature","geometry":{"type":"Polygon","coordinates":[[[29.58,-1.39],[29.35,-1.52],[29.13,-1.86],[29.11,-2.23],[28.88,-2.4],[28.92,-2.68],[29.01,-2.72],[29.06,-2.6],[29.3,-2.67],[29.39,-2.81],[29.7,-2.79],[29.87,-2.72],[29.93,-2.34],[30.14,-2.41],[30.41,-2.31],[30.55,-2.4],[30.83,-2.34],[30.88,-2.14],[30.82,-1.97],[30.81,-1.56],[30.47,-1.13],[30.51,-1.07],[30.36,-1.07],[30.1,-1.37],[29.88,-1.45],[29.83,-1.34],[29.58,-1.39]]]},"properties":{"name":"Rwanda"}},
{"type":"Feature","geometry":{"type":"MultiPolygon","coordinates":[[[[33.59,46.1],[33.66,45.95],[33.14,45.75],[32.51,45.4],[32.92,45.35],[33.19,45.19],[33.56,45.1],[33.61,44.91],[33.45,44.55],[33.91,44.39],[34.28,44.54],[34.47,44.72],[34.72,44.81],[35.09,44.8],[35.47,45.1],[35.87,45.01],[36.39,45.07],[36.58,45.39],[36.17,45.45],[35.56,45.31],[35.37,45.35],[35,45.73],[34.8,45.79],[34.69,45.98],[34.03,46.11],[33.66,46.22],[33.59,46.1]]],[[[130.69,42.3],[130.83,42.52],[130.76,42.67],[131.16,42.63],[131.39,42.82],[131.72,43.2],[132.03,43.12],[132.33,43.24],[132.3,42.88],[132.71,42.88],[133.16,42.7],[133.71,42.83],[134.69,43.29],[135.13,43.53],[135.48,43.84],[135.53,43.97],[135.87,44.37],[136.14,44.49],[136.8,45.17],[137.15,45.39],[137.69,45.82],[138.11,46.25],[138.34,46.54],[138.59,47.06],[139,47.38],[139.37,47.89],[140,48.32],[140.17,48.52],[140.31,49.05],[140.52,49.6],[140.46,49.91],[140.54,50.13],[140.48,50.55],[140.69,51.23],[140.93,51.62],[141.37,51.92],[141.49,52.18],[141.17,52.37],[141.26,52.84],[141.09,52.9],[141.4,53.18],[141.01,53.49],[140.69,53.6],[140.35,53.81],[140.18,54.05],[139.71,54.28],[139.32,54.19],[138.7,54.32],[138.66,53.74],[138.45,53.54],[138.29,53.59],[137.33,53.54],[137.64,53.87],[137.38,54.28],[137.1,54.13],[137.26,54.03],[137.16,53.82],[136.68,53.93],[136.8,54.62],[135.85,54.58],[135.26,54.73],[135.26,54.94],[135.54,55.11],[136.18,55.35],[136.46,55.58],[136.79,55.69],[137.69,56.14],[138.07,56.43],[138.22,56.63],[138.66,56.97],[139.18,57.26],[139.44,57.33],[140,57.69],[140.45,57.81],[140.68,58.21],[140.99,58.42],[141.35,58.53],[141.75,58.75],[142.03,59],[142.58,59.24],[143.19,59.37],[143.87,59.41],[144.48,59.38],[145.55,59.41],[145.93,59.2],[146.27,59.22],[146.44,59.43],[147.51,59.27],[147.87,59.39],[148.26,59.41],[148.49,59.26],[148.71,59.45],[149.2,59.49],[149.07,59.63],[149.64,59.77],[150,59.69],[150,60],[30.07,60],[29.67,59.96],[29.15,60],[28.95,59.83],[28.45,59.81],[28.01,59.72],[28.01,59.48],[27.76,59.05],[27.46,58.84],[27.49,58.27],[27.75,57.84],[27.54,57.8],[27.35,57.53],[27.8,57.32],[27.81,56.87],[28.1,56.55],[28.15,56.14],[28.56,56.09],[28.79,55.94],[29.09,56.02],[29.38,55.94],[29.48,55.68],[29.94,55.85],[30.23,55.85],[30.91,55.57],[30.81,55.28],[30.98,55.05],[30.8,54.78],[31.12,54.65],[31.18,54.45],[31.4,54.2],[31.79,54.06],[31.75,53.81],[32.2,53.78],[32.45,53.69],[32.47,53.55],[32.7,53.34],[32.14,53.09],[31.42,53.2],[31.26,53.02],[31.54,52.8],[31.58,52.31],[31.76,52.1],[31.97,52.05],[32.28,52.11],[32.51,52.31],[32.9,52.26],[33.15,52.34],[33.74,52.34],[33.92,52.25],[34.11,51.98],[34.4,51.78],[34.12,51.68],[34.28,51.31],[34.71,51.17],[35.06,51.2],[35.31,51.04],[35.44,50.73],[35.41,50.54],[35.67,50.35],[35.89,50.44],[36.62,50.21],[36.76,50.29],[37.42,50.41],[37.7,50.11],[38.05,49.92],[38.26,50.05],[38.92,49.82],[39.17,49.86],[39.78,49.57],[40.03,49.6],[40.13,49.37],[40.07,49.2],[39.69,49.01],[39.79,48.81],[39.64,48.59],[39.84,48.54],[39.96,48.24],[39.74,47.84],[38.9,47.86],[38.72,47.71],[38.29,47.56],[38.21,47.09],[38.48,47.18],[38.93,47.18],[39.2,47.27],[39.29,47.11],[38.8,46.91],[38.44,46.81],[37.97,46.62],[38.08,46.39],[38.49,46.09],[38.18,46.09],[37.93,46],[37.84,45.8],[37.61,45.56],[37.65,45.38],[36.94,45.29],[36.62,45.19],[37.2,44.97],[37.41,44.74],[37.85,44.7],[38.18,44.42],[38.72,44.29],[39.33,43.9],[39.98,43.42],[40.15,43.57],[40.65,43.53],[41.08,43.37],[41.36,43.33],[41.58,43.22],[42.05,43.19],[42.42,43.22],[42.99,43.09],[43.09,42.99],[43.78,42.75],[43.96,42.57],[44.51,42.75],[44.87,42.76],[45.21,42.65],[45.34,42.53],[45.73,42.48],[45.64,42.21],[45.95,42.04],[46.43,41.89],[46.75,41.81],[47.21,41.46],[47.26,41.32],[47.52,41.23],[47.86,41.21],[48.06,41.46],[48.39,41.6],[48.57,41.84],[48.38,41.95],[48.23,42.18],[47.82,42.61],[47.71,42.81],[47.46,43.04],[47.51,43.51],[47.63,43.81],[47.43,43.78],[47.23,44.19],[47.02,44.34],[46.75,44.42],[46.76,44.66],[47.11,44.91],[47.49,45.46],[47.52,45.6],[48.16,45.74],[48.68,46.09],[49.08,46.19],[49.23,46.34],[48.61,46.57],[48.96,46.77],[48.55,47.32],[48.11,47.75],[47.48,47.8],[47.29,47.74],[47.09,47.95],[47.12,48.13],[47,48.28],[46.66,48.41],[46.61,48.57],[46.7,48.81],[47.01,49.1],[46.8,49.37],[46.99,49.85],[47.3,50.06],[47.33,50.27],[47.5,50.4],[47.71,50.38],[48.22,49.93],[48.43,49.83],[48.84,50.01],[48.7,50.35],[48.81,50.6],[49.32,50.85],[49.5,51.08],[49.82,51.13],[50.25,51.29],[50.79,51.73],[51.16,51.65],[51.34,51.48],[51.61,51.48],[52.01,51.67],[52.33,51.68],[52.57,51.48],[53.34,51.48],[53.69,51.25],[54.04,51.12],[54.42,50.78],[54.73,51],[55.54,50.6],[55.8,50.6],[56.49,51.02],[57.01,51.07],[57.44,50.89],[57.65,50.93],[57.84,51.09],[58.36,51.06],[58.88,50.69],[59.81,50.58],[59.96,50.8],[60.64,50.66],[60.94,50.7],[61.39,50.86],[61.59,51.23],[61.36,51.44],[60.46,51.65],[60.07,51.98],[60.94,52.28],[60.8,52.74],[61.05,52.97],[61.4,53],[61.97,52.94],[62.01,53.11],[61.66,53.23],[61.2,53.29],[61.25,53.55],[60.98,53.62],[61.14,53.96],[61.33,54.05],[61.93,53.95],[63.07,54.11],[63.19,54.17],[64,54.27],[64.46,54.38],[65.16,54.36],[65.48,54.62],[66.22,54.67],[67.69,54.87],[68.07,54.96],[68.21,55.16],[68.52,55.2],[68.98,55.39],[69.49,55.36],[70.18,55.16],[70.74,55.31],[70.91,55.13],[71.19,54.6],[71.09,54.21],[71.34,54.16],[72,54.21],[72.27,54.27],[72.39,54.12],[72.91,54.11],[73.4,53.81],[73.29,53.6],[74.45,53.65],[74.83,53.83],[75.05,53.83],[75.66,54.11],[76.27,54.31],[76.79,54.32],[76.58,53.94],[77.7,53.38],[77.86,53.27],[78.48,52.64],[79.47,51.49],[79.99,50.77],[80.42,50.95],[80.45,51.18],[80.88,51.28],[81.13,51.19],[81.12,50.95],[81.39,50.96],[81.47,50.74],[81.93,50.77],[82.49,50.73],[82.76,50.89],[83.36,50.99],[83.95,50.77],[84.18,50.52],[84.26,50.29],[84.99,50.06],[85,49.89],[85.21,49.66],[86.18,49.5],[86.61,49.61],[86.95,49.32],[87.23,49.22],[87.32,49.09],[87.81,49.16],[88.12,49.26],[88.19,49.45],[88.83,49.45],[89.18,49.53],[89.65,49.72],[89.64,49.9],[90,50.07],[90.52,50.21],[91.02,50.42],[91.34,50.47],[91.8,50.69],[92.19,50.7],[92.35,50.86],[92.63,50.69],[92.94,50.78],[93.1,50.6],[94.25,50.56],[94.35,50.22],[94.61,50.02],[95.52,49.91],[95.85,50.01],[96.32,49.9],[96.99,49.88],[97.21,49.73],[97.59,49.91],[97.85,49.95],[98.1,50.08],[98.25,50.3],[98.28,50.53],[98.03,50.64],[97.83,50.99],[97.95,51.35],[98.22,51.51],[98.35,51.72],[98.64,51.8],[98.85,52.07],[99.72,51.87],[99.92,51.76],[100.54,51.71],[101.38,51.45],[101.57,51.47],[102.11,51.35],[102.29,50.59],[102.68,50.39],[103.16,50.29],[103.63,50.14],[104.18,50.17],[104.47,50.31],[105.09,50.39],[105.38,50.47],[105.88,50.41],[106.22,50.3],[106.71,50.31],[107.23,49.99],[107.95,49.92],[108.03,49.59],[108.61,49.32],[109.24,49.33],[110.2,49.17],[110.43,49.22],[110.83,49.17],[111.34,49.36],[112.08,49.42],[112.49,49.53],[112.81,49.52],[113.06,49.62],[113.16,49.8],[113.57,50.01],[114.3,50.27],[114.74,50.23],[115.27,49.95],[115.72,49.88],[116.13,50.01],[116.55,49.92],[116.68,49.82],[117.25,49.62],[117.87,49.51],[118.45,49.84],[118.76,49.96],[119.26,50.07],[119.35,50.28],[119.19,50.38],[120.07,51.6],[120.51,51.85],[120.75,52.1],[120.66,52.57],[120.07,52.63],[120.09,52.79],[120.7,53.17],[120.99,53.28],[121.41,53.32],[122.34,53.49],[122.74,53.47],[123.15,53.54],[123.61,53.55],[124.29,53.34],[124.81,53.13],[124.97,53.2],[125.65,53.04],[125.73,52.89],[126.05,52.74],[126.02,52.61],[126.31,52.4],[126.51,51.93],[126.81,51.51],[126.92,51.1],[127.31,50.71],[127.31,50.45],[127.59,50.21],[127.5,49.87],[127.71,49.67],[128,49.57],[128.7,49.6],[128.82,49.46],[129.12,49.36],[129.5,49.39],[130.2,48.89],[130.55,48.86],[130.55,48.6],[130.8,48.34],[130.71,48.13],[131,47.69],[131.32,47.73],[131.79,47.68],[132.56,47.77],[132.71,47.95],[133.14,48.11],[133.47,48.1],[133.84,48.27],[134.29,48.37],[134.56,48.32],[134.67,48.15],[134.57,48.02],[134.75,47.72],[134.48,47.45],[134.17,47.3],[134.2,47.13],[133.87,46.5],[133.86,46.25],[133.51,45.88],[133.44,45.6],[133.19,45.49],[133.11,45.13],[132.94,45.03],[131.98,45.24],[131.85,45.33],[131.45,44.98],[131.08,44.91],[131.06,44.66],[131.26,44.07],[131.17,43.7],[131.26,43.43],[131.07,42.9],[130.58,42.81],[130.42,42.73],[130.53,42.54],[130.69,42.3]]],[[[142.76,54.39],[142.33,54.28],[142.67,53.97],[142.53,53.45],[142.14,53.5],[141.82,53.34],[141.87,53.04],[141.8,52.56],[141.66,52.27],[141.72,51.74],[142.01,51.52],[142.21,51.22],[142.21,51],[142.07,50.51],[142.15,50.22],[142.14,49.57],[142.02,49.08],[141.87,48.75],[142.14,48.29],[142.18,48.01],[141.96,47.59],[142.04,47.14],[141.87,46.69],[141.83,46.45],[141.96,46.01],[142.21,46.09],[142.41,46.55],[142.58,46.7],[142.83,46.61],[143.28,46.56],[143.42,46.22],[143.58,46.36],[143.45,46.79],[143.22,46.79],[143.01,47.22],[142.67,47.54],[142.56,47.74],[142.57,48.07],[143.1,49.2],[143.38,49.29],[143.73,49.31],[144.13,49.21],[144.27,49.31],[144.05,49.9],[143.82,50.28],[143.46,51.47],[143.32,51.58],[143.16,52.08],[143.17,52.35],[143.32,52.61],[143.32,52.96],[143.22,53.3],[142.92,53.79],[142.98,54.14],[142.76,54.39]]],[[[137.94,55.09],[137.58,55.2],[137.44,55.02],[137.66,54.65],[137.99,54.82],[138.17,55.06],[137.94,55.09]]],[[[148.6,45.32],[147.77,45.19],[147.25,44.86],[147.31,44.68],[147.66,44.98],[147.91,44.99],[148.26,45.22],[148.6,45.32]]],[[[146.21,44.5],[146.11,44.5],[145.67,44],[145.77,43.94],[146.11,44.25],[146.44,44.38],[146.21,44.5]]],[[[20.96,55.28],[20.9,55.29],[20.52,54.99],[20,54.93],[20,54.43],[22.17,54.36],[22.77,54.36],[22.68,54.49],[22.83,54.84],[22.57,55.06],[22.07,55.06],[21.24,55.26],[21.19,54.94],[20.89,54.91],[20.59,54.98],[20.96,55.28]]]]},"properties":{"name":"Russia"}},
{"type":"Feature","geometry":{"type":"Polygon","coordinates":[[[28.21,45.45],[28.1,45.97],[28.24,46.45],[28.24,46.64],[28.07,46.98],[27.85,47.11],[27.34,47.64],[26.98,48.16],[26.62,48.26],[26.31,48.2],[26.16,47.99],[25.46,47.91],[24.89,47.72],[24.58,47.93],[24.18,47.91],[23.2,48.08],[22.88,47.95],[22.68,47.8],[22.29,47.73],[22,47.51],[21.79,47.14],[21.32,46.61],[21.15,46.3],[20.84,46.26],[20.61,46.13],[20.24,46.11],[20.36,45.98],[20.78,45.75],[20.77,45.48],[20.94,45.37],[21.49,45.12],[21.38,44.87],[21.64,44.71],[21.91,44.67],[22.09,44.54],[22.5,44.71],[22.49,44.44],[22.71,44.24],[23.03,44.08],[22.92,43.83],[23.22,43.87],[24.23,43.76],[24.43,43.79],[25.16,43.69],[25.5,43.67],[25.82,43.77],[26.22,44.01],[26.49,44.08],[27.09,44.17],[27.43,44.02],[27.88,43.99],[28.05,43.82],[28.59,43.74],[28.66,43.98],[28.65,44.3],[29.05,44.76],[29.56,44.84],[29.71,45.26],[29.57,45.37],[29.22,45.4],[28.76,45.23],[28.45,45.29],[28.21,45.45]]]},"properties":{"name":"Romania"}},
{"type":"Feature","geometry":{"type":"Polygon","coordinates":[[[51.27,24.61],[51.43,24.67],[51.59,24.96],[51.6,25.15],[51.49,25.52],[51.57,25.78],[51.54,25.9],[51.26,26.15],[51,25.98],[50.76,25.44],[50.85,24.89],[50.8,24.79],[50.97,24.57],[51.27,24.61]]]},"properties":{"name":"Qatar"}},
{"type":"Feature","geometry":{"type":"Polygon","coordinates":[[[23.61,51.52],[23.54,51.71],[23.65,52.04],[23.2,52.26],[23.48,52.55],[23.84,52.66],[23.89,53.03],[23.6,53.6],[23.48,53.94],[23.45,54.14],[23.02,54.35],[22.77,54.36],[22.17,54.36],[20,54.43],[20,49.2],[20.36,49.39],[20.95,49.32],[21.08,49.42],[21.64,49.41],[22.02,49.21],[22.54,49.07],[22.71,49.17],[22.65,49.54],[23.04,49.9],[23.71,50.38],[23.97,50.41],[24.09,50.62],[24.11,50.84],[23.66,51.31],[23.61,51.52]]]},"properties":{"name":"Poland"}},
{"type":"Feature","geometry":{"type":"MultiPolygon","coordinates":[[[[121.1,18.62],[120.81,18.6],[120.6,18.51],[120.36,17.64],[120.42,17.44],[120.41,16.96],[120.32,16.76],[120.31,16.53],[120.39,16.22],[120.34,16.07],[120.16,16.05],[119.83,16.33],[119.77,16.01],[119.89,15.84],[119.93,15.43],[120.08,14.85],[120.25,14.79],[120.44,14.45],[120.59,14.48],[120.55,14.77],[120.89,14.72],[120.92,14.49],[120.62,14.19],[120.64,13.8],[120.84,13.88],[121.2,13.64],[121.45,13.71],[121.5,13.84],[121.78,13.94],[122.07,13.79],[122.41,13.49],[122.52,13.26],[122.67,13.4],[122.51,13.66],[122.47,13.89],[122.6,13.91],[122.9,13.59],[123.16,13.44],[123.3,13.22],[123.31,13.04],[123.63,12.91],[123.92,12.94],[123.88,12.69],[124.06,12.57],[124.14,12.79],[124.14,13.04],[123.79,13.11],[123.82,13.27],[123.61,13.53],[123.61,13.7],[123.73,13.88],[123.43,13.97],[123.23,13.75],[123.06,13.79],[123.07,13.96],[122.86,14.25],[122.49,14.32],[122.2,14.15],[122.21,13.93],[121.91,14.02],[121.8,14.11],[121.65,14.48],[121.7,14.74],[121.39,15.32],[121.61,15.67],[121.6,15.93],[121.79,16.08],[122.14,16.18],[122.43,16.82],[122.52,17.12],[122.24,17.43],[122.15,17.76],[122.18,18.06],[122.29,18.23],[122.3,18.4],[122.15,18.49],[122.04,18.33],[121.85,18.3],[121.59,18.38],[121.1,18.62]]],[[[117.31,8.44],[117.52,8.54],[117.99,8.88],[118.13,9.1],[118.43,9.26],[118.77,9.77],[118.78,9.92],[119.19,10.06],[119.28,10.25],[119.6,10.41],[119.68,10.55],[119.53,10.95],[119.56,11.27],[119.47,11.29],[119.26,10.85],[119.29,10.57],[119.02,10.35],[118.53,9.79],[118.11,9.35],[117.88,9.24],[117.35,8.71],[117.26,8.54],[117.31,8.44]]],[[[122.5,11.62],[122.29,11.77],[121.96,11.9],[121.89,11.79],[122.1,11.64],[122.05,11.1],[121.96,10.87],[121.99,10.46],[122.2,10.62],[122.52,10.69],[122.77,10.82],[122.8,10.99],[123.02,11.12],[123.14,11.36],[123.16,11.54],[122.93,11.53],[122.73,11.61],[122.5,11.62]]],[[[123.13,9.06],[123.23,9.12],[123.31,9.36],[123.15,9.61],[123.16,9.86],[123.34,10.33],[123.57,10.78],[123.51,10.92],[123.26,10.99],[122.98,10.89],[122.96,10.7],[122.82,10.5],[122.86,10.09],[122.71,9.99],[122.47,9.96],[122.41,9.69],[122.56,9.48],[122.87,9.32],[122.99,9.06],[123.13,9.06]]],[[[124.57,11.34],[124.33,11.54],[124.45,10.92],[124.66,10.96],[124.79,10.78],[124.74,10.44],[124.78,10.17],[125.03,10.03],[125.11,10.22],[125.25,10.26],[125.19,10.58],[125.01,10.79],[125.03,11.21],[124.93,11.37],[124.57,11.34]]],[[[125.24,12.53],[125.15,12.57],[124.57,12.53],[124.29,12.57],[124.38,12.24],[124.68,12.02],[124.88,11.78],[124.92,11.56],[125.03,11.34],[125.23,11.15],[125.63,11.13],[125.51,11.54],[125.46,11.95],[125.54,12.19],[125.32,12.32],[125.24,12.53]]],[[[120.7,13.48],[120.4,13.52],[120.51,13.26],[120.65,13.17],[120.76,12.97],[120.8,12.75],[120.92,12.51],[121.24,12.22],[121.39,12.3],[121.54,12.64],[121.48,12.84],[121.52,13.13],[121.2,13.43],[120.92,13.5],[120.7,13.48]]],[[[126.01,9.32],[125.88,9.51],[125.52,9.76],[125.41,9.67],[125.53,9.14],[125.5,9.01],[125.21,9.03],[125.14,8.87],[124.87,8.97],[124.79,8.87],[124.73,8.56],[124.45,8.61],[124.33,8.51],[124.23,8.27],[124,8.16],[123.88,8.19],[123.85,8.43],[123.68,8.62],[123.43,8.7],[123.34,8.57],[123.02,8.4],[122.91,8.16],[122.67,8.13],[122.34,8.03],[122.13,7.81],[122.05,7.36],[121.92,7.2],[121.96,6.97],[122.18,7],[122.5,7.67],[122.62,7.76],[122.79,7.72],[122.84,7.53],[123.18,7.53],[123.39,7.41],[123.49,7.81],[123.67,7.82],[123.97,7.66],[124.21,7.4],[124.19,7.27],[123.99,6.99],[124.08,6.4],[124.21,6.23],[124.64,6],[125.04,5.87],[125.17,6.05],[125.29,5.63],[125.46,5.66],[125.67,5.98],[125.67,6.23],[125.59,6.47],[125.38,6.69],[125.4,6.8],[125.64,7.11],[125.69,7.26],[125.82,7.33],[126.08,6.73],[126.44,7.01],[126.58,7.25],[126.57,7.68],[126.44,7.83],[126.46,8.2],[126.37,8.48],[126.14,8.63],[126.32,8.84],[126.19,9.12],[126.19,9.28],[126.01,9.32]]],[[[123.37,9.45],[123.49,9.59],[123.64,10.02],[123.79,10.22],[123.95,10.32],[124.05,10.59],[124.05,10.93],[123.93,10.96],[123.71,10.47],[123.39,9.97],[123.32,9.49],[123.37,9.45]]],[[[121.16,6.08],[120.9,6.01],[120.93,5.9],[121.22,5.94],[121.16,6.08]]],[[[124.59,9.79],[124.58,10.03],[124.34,10.16],[124.17,10.14],[123.82,9.82],[123.94,9.62],[124.36,9.63],[124.59,9.79]]],[[[122.09,6.43],[122.29,6.64],[122.06,6.74],[121.81,6.61],[121.96,6.42],[122.09,6.43]]],[[[125.69,9.91],[125.65,10.25],[125.49,10.12],[125.69,9.91]]],[[[121.91,13.54],[121.83,13.33],[122,13.2],[122.11,13.46],[121.91,13.54]]],[[[123.72,12.29],[123.46,12.5],[123.27,12.4],[123.21,12.11],[123.42,12.19],[123.98,11.82],[124.04,11.97],[123.91,12.17],[123.72,12.29]]],[[[124.35,13.63],[124.42,13.87],[124.22,14.08],[124.12,13.98],[124.04,13.66],[124.18,13.53],[124.35,13.63]]]]},"properties":{"name":"Philippines"}},
{"type":"Feature","geometry":{"type":"MultiPolygon","coordinates":[[[[150,-6.29],[149.96,-5.45],[149.83,-5.52],[149.25,-5.57],[149,-5.48],[148.34,-5.54],[148.4,-5.77],[148.81,-5.92],[149.13,-6.13],[149.38,-6.08],[149.6,-6.26],[150,-6.29]]],[[[140.98,-9.12],[141.13,-9.22],[141.41,-9.15],[141.62,-9.21],[142.23,-9.17],[142.65,-9.33],[143.37,-8.96],[143.39,-8.8],[143.11,-8.47],[143.09,-8.31],[143.61,-8.2],[143.55,-7.98],[143.78,-8.03],[143.94,-7.94],[143.9,-7.67],[144.23,-7.76],[144.51,-7.57],[144.77,-7.64],[144.97,-7.8],[145.47,-7.93],[145.73,-7.95],[146.03,-8.08],[146.18,-8.25],[146.7,-9.03],[146.91,-9.09],[147.02,-9.39],[147.41,-9.67],[147.55,-9.91],[147.77,-10.07],[148.15,-10.11],[148.38,-10.19],[148.71,-10.17],[148.94,-10.26],[149.75,-10.35],[150,-10.55],[150,-10.07],[149.87,-10.01],[149.76,-9.81],[149.87,-9.63],[149.48,-9.59],[149.2,-9.41],[149.25,-9.07],[149.1,-9.02],[148.79,-9.09],[148.58,-9.05],[148.45,-8.69],[148.25,-8.55],[148.13,-8.1],[147.72,-7.88],[147.19,-7.38],[146.96,-6.93],[147.12,-6.72],[147.71,-6.72],[147.85,-6.66],[147.8,-6.32],[147.57,-6.06],[147.38,-5.95],[147.03,-5.92],[146.4,-5.62],[145.85,-5.47],[145.75,-5.4],[145.79,-5.18],[145.77,-4.82],[145.33,-4.39],[145.09,-4.35],[144.48,-3.83],[144.02,-3.78],[143.51,-3.43],[142.91,-3.32],[142.21,-3.08],[141.99,-2.96],[141.19,-2.63],[140.97,-2.61],[140.97,-4.23],[140.97,-5.65],[140.98,-6.35],[140.86,-6.74],[140.98,-6.91],[140.98,-8.5],[140.98,-9.12]]],[[[148.03,-5.83],[148.05,-5.61],[147.85,-5.49],[147.78,-5.63],[148.03,-5.83]]],[[[147.07,-1.96],[146.66,-1.97],[146.75,-2.15],[147.21,-2.18],[147.4,-2.03],[147.07,-1.96]]]]},"properties":{"name":"Papua New Guinea"}},
{"type":"Feature","geometry":null,"properties":{"name":"Palau"}},
{"type":"Feature","geometry":{"type":"Polygon","coordinates":[[[76.77,35.66],[76.56,35.77],[76.25,35.81],[75.95,36.02],[75.97,36.38],[75.84,36.65],[75.67,36.74],[75.42,36.74],[75.35,36.91],[75.05,36.99],[74.89,36.95],[74.54,37.02],[74,36.82],[73.77,36.89],[72.62,36.83],[72.16,36.7],[71.82,36.49],[71.62,36.44],[71.19,36.04],[71.43,35.83],[71.6,35.41],[71.62,35.18],[70.97,34.53],[71.1,34.37],[71.05,34.05],[70.85,33.98],[70.42,33.95],[69.99,34.05],[69.87,33.9],[70.06,33.72],[70.28,33.37],[70.26,33.29],[69.92,33.11],[69.5,33.02],[69.41,32.68],[69.24,32.43],[69.28,31.94],[69.08,31.74],[68.87,31.63],[68.6,31.8],[68.21,31.81],[68.02,31.68],[67.58,31.51],[67.74,31.34],[67.29,31.22],[66.92,31.31],[66.73,31.19],[66.57,31],[66.4,30.91],[66.29,30.61],[66.31,30.32],[66.18,29.84],[65.1,29.56],[64.52,29.56],[64.27,29.51],[64.1,29.39],[63.57,29.5],[62.48,29.41],[62.37,29.43],[60.84,29.86],[61.32,29.37],[61.34,29.26],[61.62,28.79],[61.89,28.55],[62.35,28.41],[62.56,28.24],[62.76,28.2],[62.74,28],[62.81,27.5],[62.76,27.25],[63.17,27.25],[63.25,26.88],[63.17,26.67],[62.79,26.64],[62.44,26.56],[62.24,26.36],[61.87,26.24],[61.75,25.84],[61.67,25.77],[61.59,25.2],[61.74,25.14],[62.32,25.13],[62.57,25.25],[63.49,25.21],[63.56,25.35],[63.72,25.39],[64.15,25.33],[64.66,25.18],[64.78,25.31],[65.41,25.37],[65.68,25.36],[66.13,25.49],[66.22,25.59],[66.43,25.58],[66.7,25.23],[66.7,24.86],[67.17,24.76],[67.31,24.17],[67.67,23.81],[68.17,23.86],[68.28,23.93],[68.72,23.96],[68.73,24.27],[69.56,24.27],[69.72,24.17],[70.02,24.19],[70.1,24.29],[70.55,24.42],[70.72,24.24],[71.04,24.4],[70.97,24.49],[71.05,24.69],[70.88,25.06],[70.65,25.42],[70.65,25.67],[70.26,25.71],[70.1,25.91],[70.08,26.07],[70.16,26.47],[70.06,26.58],[69.74,26.63],[69.47,26.8],[69.57,27.17],[69.9,27.47],[70.14,27.85],[70.4,28.03],[70.63,27.94],[70.74,27.73],[70.87,27.71],[71.18,27.83],[71.54,27.87],[71.87,27.96],[71.95,28.18],[72.18,28.42],[72.34,28.75],[72.9,29.03],[73.23,29.55],[73.38,29.93],[73.81,30.09],[73.93,30.22],[73.9,30.44],[74.22,30.77],[74.63,31.03],[74.52,31.19],[74.59,31.47],[74.51,31.71],[74.74,31.95],[75.25,32.14],[75.33,32.28],[74.99,32.46],[74.66,32.52],[74.66,32.76],[74.35,32.77],[74.3,32.99],[73.99,33.24],[74.15,33.51],[74,33.63],[74,33.79],[74.25,33.99],[73.95,34.02],[73.98,34.19],[73.81,34.33],[73.96,34.65],[74.3,34.77],[74.95,34.65],[75.19,34.64],[75.71,34.5],[76.04,34.67],[76.46,34.76],[76.59,34.74],[77,34.99],[77.05,35.11],[76.77,35.66]]]},"properties":{"name":"Pakistan"}},
{"type":"Feature","geometry":{"type":"MultiPolygon","coordinates":[[[[53.09,16.65],[53.61,16.76],[54.07,17.01],[54.57,17.03],[54.77,16.96],[55.06,17.04],[55.3,17.38],[55.26,17.59],[55.48,17.84],[55.61,17.89],[56.27,17.95],[56.55,18.17],[56.66,18.59],[56.83,18.75],[57.18,18.9],[57.68,18.96],[57.81,19.02],[57.72,19.61],[57.86,20.24],[58.1,20.57],[58.21,20.42],[58.47,20.41],[58.9,21.11],[59.07,21.29],[59.37,21.5],[59.8,22.22],[59.82,22.51],[59.54,22.58],[59.03,23.13],[58.77,23.52],[58.58,23.64],[58.32,23.62],[58.12,23.72],[57.61,23.8],[57.22,23.92],[56.91,24.15],[56.64,24.47],[56.39,24.98],[56.06,24.74],[55.92,24.97],[55.8,24.87],[55.76,24.24],[55.93,24.22],[55.99,24.06],[55.55,23.99],[55.51,23.72],[55.2,23.03],[55.19,22.7],[55.64,22],[55.39,21.24],[54.98,20],[53.67,19.56],[51.98,19],[52.73,17.3],[52.8,17.27],[53.09,16.65]]],[[[56.3,25.65],[56.37,25.8],[56.43,26.33],[56.16,26.21],[56.08,26.06],[56.17,26.05],[56.14,25.69],[56.3,25.65]]]]},"properties":{"name":"Oman"}},
{"type":"Feature","geometry":{"type":"Polygon","coordinates":[[[128.37,38.62],[127.97,38.9],[127.79,39.08],[127.39,39.21],[127.55,39.46],[127.57,39.78],[127.97,40],[128.3,40.04],[128.61,40.2],[128.7,40.32],[129.11,40.49],[129.34,40.73],[129.71,40.86],[129.77,41.3],[129.68,41.49],[129.76,41.71],[130.07,42.05],[130.46,42.3],[130.69,42.3],[130.53,42.54],[130.25,42.74],[130.24,42.89],[129.9,43],[129.78,42.78],[129.72,42.48],[129.52,42.38],[129.31,42.41],[129.2,42.22],[128.92,42.04],[128.05,41.99],[128.03,41.9],[128.29,41.56],[128.11,41.39],[127.18,41.53],[126.9,41.78],[126.6,41.64],[126.49,41.36],[125.99,40.9],[125.73,40.87],[125.42,40.66],[124.89,40.46],[124.39,40.1],[124.36,40],[124.56,39.79],[124.78,39.76],[125.1,39.59],[125.36,39.53],[125.41,39.29],[125.16,38.87],[125.31,38.67],[125.07,38.56],[124.69,38.13],[125.19,38.04],[125.45,37.73],[125.77,37.99],[125.94,37.87],[126.37,37.88],[126.63,37.78],[126.67,37.92],[127.01,38.24],[127.17,38.3],[128.04,38.31],[128.17,38.36],[128.37,38.62]]]},"properties":{"name":"North Korea"}},
{"type":"Feature","geometry":{"type":"Polygon","coordinates":[[[88.11,27.87],[87.86,27.89],[87.68,27.82],[87.14,27.84],[87.02,27.93],[86.55,28.09],[86.41,27.93],[86.08,28.08],[85.95,27.93],[85.68,28.28],[85.12,28.32],[85.16,28.59],[84.71,28.6],[84.23,28.91],[84.1,29.22],[83.94,29.28],[83.58,29.18],[83.16,29.61],[82.85,29.68],[82.49,29.94],[82.16,30.12],[82.04,30.33],[81.64,30.39],[81.42,30.34],[81.26,30.09],[81.01,30.16],[80.91,30.17],[80.55,29.9],[80.4,29.73],[80.25,29.42],[80.23,29.19],[80.13,29.1],[80.07,28.83],[80.42,28.61],[80.59,28.65],[81.17,28.34],[81.31,28.18],[81.85,27.87],[81.99,27.91],[82.45,27.67],[82.68,27.67],[82.73,27.52],[83.29,27.37],[83.45,27.47],[83.83,27.38],[84.09,27.49],[84.61,27.3],[84.69,27.04],[85.29,26.74],[85.57,26.84],[85.74,26.64],[86.01,26.65],[86.37,26.57],[86.7,26.44],[87.02,26.56],[87.29,26.36],[88.05,26.43],[88.16,26.72],[87.98,27.13],[88.02,27.41],[88.15,27.75],[88.11,27.87]]]},"properties":{"name":"Nepal"}},
{"type":"Feature","geometry":{"type":"Polygon","coordinates":[[[23.38,-17.64],[21.42,-18],[21.11,-17.96],[20.63,-18],[20.39,-17.89],[20,-17.88],[20,-22],[20.97,-22],[20.98,-20.97],[20.98,-19.74],[20.97,-18.32],[21.23,-18.31],[22.01,-18.2],[23.1,-18.01],[23.3,-18.03],[23.58,-18.45],[23.7,-18.42],[23.9,-18.23],[24.36,-17.98],[24.53,-18.05],[24.91,-17.82],[25.26,-17.79],[24.93,-17.54],[24.27,-17.48],[23.38,-17.64]]]},"properties":{"name":"Namibia"}},
{"type":"Feature","geometry":{"type":"Polygon","coordinates":[[[31.29,-22.4],[31.53,-23.28],[31.55,-23.48],[31.8,-23.89],[31.99,-24.46],[31.99,-25],[34.05,-25],[34.61,-24.82],[35.16,-24.54],[35.44,-24.17],[35.54,-23.82],[35.37,-23.8],[35.49,-23.19],[35.58,-22.96],[35.49,-22.66],[35.54,-22.38],[35.32,-22.4],[35.33,-22.04],[35.27,-21.65],[35.13,-21.4],[35.12,-21.2],[34.98,-20.81],[34.76,-20.56],[34.7,-20.4],[34.76,-19.82],[34.95,-19.81],[35.37,-19.49],[35.65,-19.16],[36.13,-18.84],[36.4,-18.77],[36.54,-18.52],[36.9,-18.13],[36.94,-17.99],[37.24,-17.74],[37.84,-17.39],[38.14,-17.24],[38.63,-17.08],[39.08,-16.97],[39.24,-16.79],[39.84,-16.44],[39.79,-16.29],[39.98,-16.23],[40.11,-15.98],[40.56,-15.47],[40.65,-15.26],[40.62,-15.12],[40.84,-14.79],[40.82,-14.47],[40.64,-14.39],[40.55,-13.46],[40.58,-13.37],[40.55,-12.82],[40.58,-12.64],[40.5,-12.12],[40.53,-12],[40.43,-11.66],[40.4,-11.33],[40.54,-11.07],[40.49,-10.77],[40.61,-10.66],[40.46,-10.46],[39.99,-10.82],[39.56,-10.98],[39.32,-11.12],[38.79,-11.23],[38.49,-11.41],[38.18,-11.28],[37.92,-11.29],[37.83,-11.48],[37.54,-11.68],[37.22,-11.69],[36.98,-11.57],[36.52,-11.72],[36.19,-11.67],[36.08,-11.54],[35.79,-11.45],[35.63,-11.58],[34.96,-11.58],[34.66,-11.59],[34.36,-12.21],[34.48,-12.67],[34.56,-13.36],[34.66,-13.49],[34.85,-13.52],[35.25,-13.9],[35.85,-14.67],[35.87,-14.86],[35.81,-15.27],[35.83,-15.42],[35.76,-16.06],[35.36,-16.16],[35.17,-16.56],[35.28,-16.81],[35.29,-17.1],[35.12,-17.13],[35.11,-16.9],[34.93,-16.76],[34.4,-16.2],[34.38,-16.02],[34.25,-15.89],[34.54,-15.3],[34.55,-14.92],[34.51,-14.6],[34.33,-14.41],[33.7,-14.53],[33.64,-14.57],[33.2,-14.01],[31.73,-14.5],[31.54,-14.58],[30.67,-14.82],[30.23,-14.99],[30.35,-15.35],[30.4,-15.64],[30.44,-16],[31.24,-16.02],[31.49,-16.18],[31.69,-16.21],[31.94,-16.43],[32.24,-16.45],[32.95,-16.71],[32.88,-16.88],[32.97,-17.25],[32.96,-18.08],[32.99,-18.36],[32.85,-18.76],[32.72,-18.83],[32.72,-19],[32.85,-19.1],[32.78,-19.39],[33.01,-19.87],[32.99,-19.98],[32.67,-20.52],[32.48,-20.71],[32.48,-20.95],[32.35,-21.14],[32.37,-21.33],[31.43,-22.3],[31.29,-22.4]]]},"properties":{"name":"Mozambique"}},
{"type":"Feature","geometry":{"type":"Polygon","coordinates":[[[20,43.05],[20,42.53],[20.06,42.55],[20.03,42.73],[20.34,42.83],[20,43.05]]]},"properties":{"name":"Montenegro"}},
{"type":"Feature","geometry":{"type":"Polygon","coordinates":[[[87.81,49.16],[87.74,48.88],[88.03,48.74],[87.98,48.56],[88.52,48.38],[88.58,48.22],[89.05,48],[89.56,48],[89.78,47.83],[90.03,47.88],[90.31,47.68],[90.5,47.29],[90.72,47],[90.87,46.95],[91.03,46.53],[90.91,46.27],[91,46.04],[90.71,45.73],[90.66,45.53],[90.88,45.2],[91.05,45.22],[91.58,45.08],[92.03,45.07],[92.42,45.01],[92.79,45.04],[93.29,44.98],[93.66,44.9],[93.96,44.67],[94.2,44.65],[94.71,44.35],[95.05,44.26],[95.35,44.28],[95.36,44.01],[95.53,43.95],[95.91,43.21],[96.3,42.93],[96.39,42.72],[97.21,42.79],[99.47,42.57],[99.98,42.68],[101.09,42.55],[101.5,42.54],[101.71,42.47],[101.97,42.22],[102.16,42.16],[103.07,42.01],[103.71,41.75],[104.5,41.88],[104.5,41.66],[105.05,41.62],[105.2,41.74],[105.87,41.99],[106.77,42.29],[108.17,42.45],[108.69,42.42],[109.44,42.46],[110.4,42.77],[111.01,43.34],[111.55,43.5],[111.93,43.71],[111.84,43.93],[111.52,44.19],[111.4,44.37],[111.62,44.83],[111.9,45.06],[112.41,45.06],[112.6,44.92],[113.05,44.81],[113.59,44.75],[114.03,44.94],[114.42,45.2],[114.52,45.36],[114.92,45.38],[115.68,45.46],[116.24,45.8],[116.21,45.89],[116.56,46.29],[116.86,46.39],[117.33,46.36],[117.41,46.57],[117.67,46.52],[118.31,46.72],[118.72,46.69],[118.84,46.76],[119.16,46.64],[119.71,46.61],[119.87,46.67],[119.9,46.86],[119.71,47.15],[119.12,47.56],[119.08,47.65],[118.76,47.76],[118.5,47.98],[118.15,48.03],[117.77,47.99],[117.35,47.65],[117.07,47.81],[116.76,47.87],[116.23,47.86],[115.9,47.69],[115.56,47.95],[115.53,48.13],[115.79,48.25],[115.82,48.58],[115.95,48.69],[116.68,49.82],[116.55,49.92],[116.13,50.01],[115.72,49.88],[115.27,49.95],[114.74,50.23],[114.3,50.27],[113.57,50.01],[113.16,49.8],[113.06,49.62],[112.81,49.52],[112.49,49.53],[112.08,49.42],[111.34,49.36],[110.83,49.17],[110.43,49.22],[110.2,49.17],[109.24,49.33],[108.61,49.32],[108.03,49.59],[107.95,49.92],[107.23,49.99],[106.71,50.31],[106.22,50.3],[105.88,50.41],[105.38,50.47],[105.09,50.39],[104.47,50.31],[104.18,50.17],[103.63,50.14],[103.16,50.29],[102.68,50.39],[102.29,50.59],[102.11,51.35],[101.57,51.47],[101.38,51.45],[100.54,51.71],[99.92,51.76],[99.72,51.87],[98.85,52.07],[98.64,51.8],[98.35,51.72],[98.22,51.51],[97.95,51.35],[97.83,50.99],[98.03,50.64],[98.28,50.53],[98.25,50.3],[98.1,50.08],[97.85,49.95],[97.59,49.91],[97.21,49.73],[96.99,49.88],[96.32,49.9],[95.85,50.01],[95.52,49.91],[94.61,50.02],[94.35,50.22],[94.25,50.56],[93.1,50.6],[92.94,50.78],[92.63,50.69],[92.35,50.86],[92.19,50.7],[91.8,50.69],[91.34,50.47],[91.02,50.42],[90.52,50.21],[90,50.07],[89.64,49.9],[89.65,49.72],[89.18,49.53],[88.83,49.45],[88.19,49.45],[88.12,49.26],[87.81,49.16]]]},"properties":{"name":"Mongolia"}},
{"type":"Feature","geometry":{"type":"Polygon","coordinates":[[[26.62,48.26],[26.98,48.16],[27.34,47.64],[27.85,47.11],[28.07,46.98],[28.24,46.64],[28.24,46.45],[28.1,45.97],[28.21,45.45],[28.47,45.51],[28.49,45.67],[28.95,46.05],[29.01,46.18],[28.93,46.42],[29.15,46.53],[29.84,46.35],[29.92,46.54],[29.88,46.83],[29.57,46.96],[29.55,47.25],[29.16,47.46],[29.19,47.88],[28.97,47.93],[28.77,48.12],[28.33,48.16],[27.82,48.42],[27.55,48.48],[27.23,48.37],[26.85,48.39],[26.62,48.26]]]},"properties":{"name":"Moldova"}},
{"type":"Feature","geometry":{"type":"Polygon","coordinates":[[[57.65,-20.48],[57.79,-20.21],[57.58,-20],[57.39,-20.23],[57.38,-20.5],[57.65,-20.48]]]},"properties":{"name":"Mauritius"}},
{"type":"Feature","geometry":null,"properties":{"name":"Maldives"}},
{"type":"Feature","geometry":{"type":"MultiPolygon","coordinates":[[[[100.12,6.44],[100.34,5.98],[100.35,5.59],[100.47,5.04],[100.61,4.65],[100.61,4.37],[100.8,4.02],[100.72,3.97],[101.02,3.62],[101.3,3.25],[101.35,3.01],[101.3,2.89],[101.52,2.68],[101.78,2.57],[102.15,2.25],[102.55,2.04],[102.73,1.86],[103.36,1.55],[103.48,1.33],[103.69,1.45],[103.99,1.45],[104.18,1.36],[104.29,1.48],[104.22,1.72],[103.81,2.58],[103.54,2.77],[103.44,2.93],[103.45,3.52],[103.36,3.77],[103.47,4.39],[103.42,4.85],[103.2,5.26],[102.98,5.52],[102.53,5.86],[102.34,6.17],[102.1,6.24],[101.87,5.83],[101.65,5.8],[101.56,5.91],[101.26,5.79],[101.11,5.64],[100.98,5.77],[101.08,5.96],[101.05,6.24],[100.87,6.25],[100.79,6.43],[100.35,6.55],[100.18,6.67],[100.12,6.44]]],[[[117.57,4.17],[117.74,4.34],[118.01,4.25],[118.5,4.36],[118.56,4.5],[118.19,4.83],[118.38,5.02],[118.67,4.96],[119.13,5.1],[119.25,5.2],[119.22,5.41],[118.96,5.43],[118.59,5.59],[118.46,5.76],[118.12,5.86],[118,6.05],[117.82,5.94],[117.62,5.94],[117.62,6.2],[117.7,6.27],[117.65,6.47],[117.29,6.68],[117.25,6.92],[117.13,6.97],[116.91,6.66],[116.81,6.69],[116.75,6.98],[116.49,6.52],[116.14,6.13],[116.06,5.88],[115.8,5.54],[115.56,5.57],[115.42,5.41],[115.52,5.05],[115.37,4.93],[115.14,4.9],[115.27,4.63],[115.25,4.35],[115.11,4.39],[115.03,4.69],[115.03,4.9],[114.75,4.72],[114.84,4.39],[114.78,4.17],[114.61,4.02],[114.22,4.48],[114.06,4.59],[113.92,4.24],[113.45,3.74],[113.04,3.21],[112.74,3.07],[112.12,2.91],[111.73,2.85],[111.44,2.63],[111.44,2.38],[111.24,2.44],[111.2,2.3],[111.27,2.14],[111.15,1.74],[110.94,1.52],[110.68,1.55],[110.35,1.72],[109.98,1.72],[109.72,1.86],[109.63,2.03],[109.54,1.9],[109.65,1.61],[110.32,1],[110.51,0.86],[110.94,1.02],[111.29,1.04],[111.77,1],[112.08,1.14],[112.19,1.44],[112.48,1.56],[112.94,1.57],[113.01,1.43],[113.62,1.24],[113.9,1.43],[114.39,1.5],[114.55,1.47],[114.7,1.85],[114.83,1.98],[114.79,2.25],[115.18,2.52],[115.08,2.63],[115.09,2.84],[115.25,3.03],[115.45,3.03],[115.57,3.45],[115.57,3.94],[115.68,4.19],[115.9,4.35],[116.41,4.31],[116.51,4.37],[117.1,4.34],[117.57,4.17]]]]},"properties":{"name":"Malaysia"}},
{"type":"Feature","geometry":{"type":"Polygon","coordinates":[[[33.2,-14.01],[33.64,-14.57],[33.7,-14.53],[34.33,-14.41],[34.51,-14.6],[34.55,-14.92],[34.54,-15.3],[34.25,-15.89],[34.38,-16.02],[34.4,-16.2],[34.93,-16.76],[35.11,-16.9],[35.12,-17.13],[35.29,-17.1],[35.28,-16.81],[35.17,-16.56],[35.36,-16.16],[35.76,-16.06],[35.83,-15.42],[35.81,-15.27],[35.87,-14.86],[35.85,-14.67],[35.25,-13.9],[34.85,-13.52],[34.66,-13.49],[34.56,-13.36],[34.48,-12.67],[34.36,-12.21],[34.66,-11.59],[34.96,-11.58],[34.6,-11.04],[34.66,-10.71],[34.58,-10.53],[34.52,-10.03],[34.32,-9.73],[34,-9.5],[33.94,-9.67],[33.7,-9.6],[33.42,-9.61],[33.33,-9.52],[32.92,-9.41],[33,-9.62],[33.2,-9.63],[33.35,-9.86],[33.31,-10.04],[33.53,-10.23],[33.66,-10.59],[33.46,-10.78],[33.26,-10.89],[33.38,-11.16],[33.23,-11.53],[33.3,-11.89],[33.25,-12.11],[33.4,-12.49],[33.02,-12.63],[32.97,-13.22],[32.85,-13.46],[32.67,-13.61],[32.99,-14.02],[33.2,-14.01]]]},"properties":{"name":"Malawi"}},
{"type":"Feature","geometry":{"type":"Polygon","coordinates":[[[49.54,-12.43],[49.21,-12.08],[48.9,-12.46],[48.91,-12.94],[48.8,-13.27],[48.41,-13.54],[48.26,-13.72],[48.04,-13.6],[47.9,-13.73],[48,-13.96],[47.77,-14.37],[47.81,-14.54],[47.52,-14.99],[47.5,-14.82],[47.35,-14.77],[47.28,-14.94],[46.99,-15.24],[46.88,-15.23],[46.48,-15.51],[46.33,-15.71],[45.7,-15.81],[45.6,-15.99],[45.34,-16.04],[45.17,-15.98],[44.91,-16.17],[44.48,-16.22],[44.43,-16.29],[44.42,-16.7],[43.98,-17.39],[44.04,-18.29],[44.23,-18.74],[44.24,-19.08],[44.45,-19.43],[44.4,-19.92],[44.24,-20.38],[43.91,-20.87],[43.8,-21.18],[43.5,-21.36],[43.44,-21.65],[43.27,-22.05],[43.26,-22.38],[43.4,-22.89],[43.57,-23.08],[43.72,-23.53],[43.65,-23.74],[43.69,-24.36],[43.85,-24.54],[44.04,-25],[47.01,-25],[47.18,-24.79],[47.37,-24.22],[47.56,-23.87],[47.74,-23.23],[47.91,-22.47],[48.18,-21.84],[48.35,-21.35],[48.61,-20.46],[48.8,-19.95],[49.06,-19.12],[49.36,-18.34],[49.48,-17.9],[49.49,-17.67],[49.44,-17.35],[49.54,-17.03],[49.77,-16.82],[49.73,-16.7],[49.84,-16.49],[49.83,-16.26],[49.71,-16.08],[49.65,-15.57],[49.89,-15.46],[50.02,-15.8],[50.21,-15.96],[50.4,-15.63],[50.48,-15.39],[50.44,-15.15],[50.24,-14.73],[50.17,-14.04],[49.94,-13.07],[49.64,-12.64],[49.54,-12.43]]]},"properties":{"name":"Madagascar"}},
{"type":"Feature","geometry":{"type":"Polygon","coordinates":[[[21.56,42.25],[21.26,42.1],[21.06,42.17],[20.78,42.07],[20.74,41.9],[20.57,41.87],[20.45,41.52],[20.49,41.27],[20.74,40.91],[20.96,40.85],[21.58,40.87],[21.93,41.11],[22.24,41.16],[22.49,41.12],[22.72,41.18],[22.92,41.34],[23.01,41.72],[22.84,41.99],[22.58,42.1],[22.34,42.31],[22.24,42.36],[21.56,42.25]]]},"properties":{"name":"North Macedonia"}},
{"type":"Feature","geometry":{"type":"Polygon","coordinates":[[[22.77,54.36],[23.02,54.35],[23.45,54.14],[23.48,53.94],[24.19,53.95],[24.32,53.89],[24.77,53.97],[25.55,54.33],[25.72,54.56],[25.86,54.92],[26.18,55],[26.29,55.14],[26.6,55.13],[26.78,55.27],[26.46,55.34],[26.59,55.67],[26.28,55.75],[25.59,56.13],[25.07,56.2],[24.9,56.4],[24.53,56.3],[24.12,56.26],[23.81,56.33],[22.08,56.41],[21.65,56.31],[21.05,56.07],[21.06,55.81],[21.24,55.46],[21.24,55.26],[22.07,55.06],[22.57,55.06],[22.83,54.84],[22.68,54.49],[22.77,54.36]]]},"properties":{"name":"Lithuania"}},
{"type":"Feature","geometry":{"type":"Polygon","coordinates":[[[20,30.79],[20,21.46],[21.58,20.68],[23.02,19.97],[23.98,19.5],[23.98,20],[24.98,20],[24.98,21],[24.98,22],[24.98,23.57],[24.98,24.69],[24.98,26.04],[24.98,27.61],[24.98,29.18],[24.73,30.25],[24.88,30.46],[24.97,30.78],[24.88,31.06],[24.85,31.33],[25.15,31.65],[25.03,31.88],[24.68,32.02],[24.13,32.01],[23.8,32.16],[23.29,32.21],[23.11,32.33],[23.09,32.62],[22.19,32.92],[21.64,32.94],[21.42,32.8],[21.06,32.78],[20.62,32.58],[20.12,32.22],[20,32.05],[20,31.46],[20.15,31.08],[20,30.79]]]},"properties":{"name":"Libya"}},
{"type":"Feature","geometry":{"type":"Polygon","coordinates":[[[35.98,34.63],[35.65,34.25],[35.61,34.03],[35.11,33.08],[35.41,33.08],[35.53,33.25],[35.84,33.42],[35.87,33.43],[35.94,33.67],[36.09,33.83],[36.28,33.89],[36.58,34.22],[36.43,34.61],[35.98,34.63]]]},"properties":{"name":"Lebanon"}},
{"type":"Feature","geometry":{"type":"Polygon","coordinates":[[[26.59,55.67],[27.05,55.83],[27.58,55.8],[27.9,56.08],[28.15,56.14],[28.1,56.55],[27.81,56.87],[27.8,57.32],[27.35,57.53],[26.9,57.61],[26.53,57.53],[26.3,57.6],[25.99,57.84],[25.34,58.04],[25.11,58.06],[24.32,57.87],[24.4,57.33],[24.28,57.17],[23.93,57.01],[23.65,56.97],[23.29,57.09],[23.14,57.32],[22.65,57.6],[22.55,57.72],[21.73,57.57],[21.46,57.32],[21.35,57.02],[21.07,56.82],[21.01,56.26],[21.05,56.07],[21.65,56.31],[22.08,56.41],[23.81,56.33],[24.12,56.26],[24.53,56.3],[24.9,56.4],[25.07,56.2],[25.59,56.13],[26.28,55.75],[26.59,55.67]]]},"properties":{"name":"Latvia"}},
{"type":"Feature","geometry":{"type":"Polygon","coordinates":[[[102.13,22.38],[101.84,22.39],[101.67,22.46],[101.52,22.25],[101.6,21.99],[101.74,21.83],[101.7,21.15],[101.54,21.23],[101.22,21.22],[101.14,21.57],[100.93,21.37],[100.76,21.31],[100.54,20.99],[100.57,20.83],[100.25,20.73],[100.12,20.32],[100.32,20.39],[100.54,20.09],[100.4,19.76],[100.42,19.64],[100.63,19.5],[100.97,19.61],[101.15,19.58],[101.29,18.98],[101.05,18.41],[101.14,18.29],[101.11,18.03],[100.91,17.58],[101.11,17.48],[101.69,17.89],[101.77,18.03],[102.1,18.21],[102.35,18.05],[102.72,17.89],[103.05,18.03],[103.15,18.22],[103.37,18.42],[103.95,18.32],[104.43,17.7],[104.74,17.46],[104.82,17.3],[104.76,17.08],[104.75,16.65],[104.82,16.47],[105.05,16.16],[105.41,15.99],[105.37,15.89],[105.62,15.7],[105.62,15.49],[105.51,15.36],[105.49,15.13],[105.55,14.93],[105.48,14.53],[105.18,14.35],[105.35,14.11],[105.53,14.16],[105.74,14.08],[105.9,13.92],[106.12,14.05],[105.98,14.34],[106.35,14.45],[106.5,14.58],[106.82,14.31],[107.11,14.42],[107.29,14.59],[107.52,14.71],[107.48,14.98],[107.65,15.26],[107.19,15.75],[107.4,16.04],[106.93,16.35],[106.83,16.53],[106.7,16.46],[106.55,16.65],[106.5,16.95],[106.27,17.22],[106.01,17.42],[105.69,17.74],[105.46,18.15],[105.33,18.19],[105.09,18.45],[105.12,18.68],[104.72,18.8],[103.9,19.34],[104.06,19.48],[104.03,19.68],[104.26,19.69],[104.55,19.61],[104.74,19.75],[104.93,20.02],[104.89,20.17],[104.7,20.21],[104.62,20.37],[104.39,20.42],[104.58,20.65],[104.2,20.91],[104.05,20.94],[103.64,20.7],[103.1,20.89],[102.85,21.27],[102.95,21.57],[102.85,21.73],[102.7,21.66],[102.58,21.9],[102.18,22.28],[102.13,22.38]]]},"properties":{"name":"Laos"}},
{"type":"Feature","geometry":{"type":"Polygon","coordinates":[[[70.96,40.24],[70.45,40.05],[69.97,40.2],[69.53,40.1],[69.43,39.91],[69.23,39.76],[69.3,39.52],[69.6,39.57],[70.24,39.54],[70.61,39.56],[70.73,39.41],[71.4,39.6],[71.55,39.45],[71.73,39.42],[71.81,39.28],[72.04,39.35],[72.23,39.21],[72.36,39.34],[72.64,39.39],[73.23,39.37],[73.63,39.45],[73.91,39.61],[73.84,39.8],[73.99,40.04],[74.41,40.14],[75,40.45],[75.58,40.61],[75.66,40.33],[75.87,40.3],[76.26,40.43],[76.48,40.45],[76.82,40.98],[76.99,41.04],[77.58,40.99],[78.12,41.08],[78.36,41.37],[79.29,41.78],[79.77,41.9],[79.84,42],[80.22,42.03],[80.21,42.19],[79.92,42.41],[79.49,42.46],[79.16,42.76],[78.52,42.86],[78.02,42.86],[77.24,42.91],[77.06,42.97],[76.51,42.92],[75.79,42.93],[75.64,42.81],[75.05,42.9],[74.21,43.24],[73.56,43],[73.42,42.59],[73.28,42.5],[72.86,42.56],[72.75,42.64],[72.28,42.76],[71.82,42.82],[71.26,42.73],[71.02,42.54],[70.95,42.25],[71.23,42.16],[70.84,42.02],[70.45,41.73],[70.18,41.57],[70.47,41.41],[70.65,41.46],[70.78,41.26],[71.11,41.15],[71.41,41.14],[71.42,41.34],[71.79,41.41],[71.88,41.2],[72.16,41.17],[72.62,40.88],[72.99,40.86],[73.11,40.79],[72.36,40.4],[72.13,40.44],[71.96,40.26],[71.69,40.15],[71.3,40.29],[70.96,40.24]]]},"properties":{"name":"Kyrgyzstan"}},
{"type":"Feature","geometry":{"type":"MultiPolygon","coordinates":[[[[48.44,28.54],[48.18,28.98],[48.05,29.36],[47.73,29.42],[47.97,29.62],[48.14,29.62],[47.98,29.98],[47.67,30.1],[47.33,30.08],[47.11,29.96],[46.91,29.54],[46.53,29.1],[47.43,28.99],[47.67,28.53],[48.44,28.54]]],[[[48.28,29.62],[48.35,29.78],[48.16,29.96],[48.08,29.8],[48.28,29.62]]]]},"properties":{"name":"Kuwait"}},
{"type":"Feature","geometry":{"type":"Polygon","coordinates":[[[20.34,42.83],[20.03,42.73],[20.06,42.55],[20.24,42.34],[20.49,42.22],[20.57,41.87],[20.74,41.9],[20.78,42.07],[21.06,42.17],[21.26,42.1],[21.56,42.25],[21.75,42.67],[21.39,42.75],[21.06,43.09],[20.62,43.2],[20.62,43.03],[20.34,42.83]]]},"properties":{"name":"Kosovo"}},
{"type":"Feature","geometry":{"type":"Polygon","coordinates":[[[33.9,-1],[33.98,-1],[34.98,-1.56],[35.84,-2.04],[36.9,-2.63],[37.64,-3.05],[37.69,-3.25],[37.61,-3.46],[37.8,-3.67],[39.22,-4.69],[39.49,-4.48],[39.82,-3.79],[39.86,-3.58],[40.12,-3.25],[40.19,-3.02],[40.22,-2.69],[40.4,-2.56],[40.64,-2.54],[40.9,-2.27],[41,-1.95],[41.11,-1.98],[41.39,-1.87],[41.53,-1.7],[41.52,-1.57],[40.98,-0.87],[40.97,0.54],[40.97,1.38],[40.96,2.81],[41.34,3.2],[41.88,3.98],[41.22,3.94],[41.09,3.99],[40.77,4.27],[40.01,3.95],[39.84,3.85],[39.66,3.58],[39.49,3.46],[39.23,3.48],[38.61,3.6],[38.09,3.65],[36.91,4.41],[36.08,4.45],[35.98,4.5],[35.76,4.81],[35.8,5.16],[35.75,5.34],[35.27,5.49],[33.98,4.22],[34.17,3.81],[34.39,3.69],[34.45,3.16],[34.59,2.92],[34.74,2.82],[34.88,2.42],[34.96,2.06],[34.97,1.64],[34.78,1.38],[34.79,1.23],[34.48,1.04],[34.41,0.87],[34.16,0.61],[33.94,0.17],[33.9,-1]]]},"properties":{"name":"Kenya"}},
{"type":"Feature","geometry":{"type":"Polygon","coordinates":[[[70.95,42.25],[71.02,42.54],[71.26,42.73],[71.82,42.82],[72.28,42.76],[72.75,42.64],[72.86,42.56],[73.28,42.5],[73.42,42.59],[73.56,43],[74.21,43.24],[75.05,42.9],[75.64,42.81],[75.79,42.93],[76.51,42.92],[77.06,42.97],[77.24,42.91],[78.02,42.86],[78.52,42.86],[79.16,42.76],[79.49,42.46],[79.92,42.41],[80.21,42.19],[80.26,42.24],[80.17,42.67],[80.25,42.8],[80.54,42.91],[80.39,43.04],[80.79,43.16],[80.5,43.89],[80.36,44.1],[80.34,44.44],[80.46,44.75],[80,44.8],[80.06,45.01],[80.63,45.13],[80.85,45.13],[81.6,45.31],[81.99,45.16],[82.27,45.22],[82.48,45.12],[82.62,45.29],[82.58,45.44],[82.33,45.52],[82.56,46.16],[83,47.03],[83.19,47.19],[83.63,47.04],[84.02,46.97],[84.67,46.97],[84.79,46.83],[85.23,47.04],[85.48,47.06],[85.66,47.25],[85.53,47.92],[85.75,48.39],[86.55,48.53],[86.72,48.7],[86.75,49.01],[86.89,49.09],[87.32,49.09],[87.23,49.22],[86.95,49.32],[86.61,49.61],[86.18,49.5],[85.21,49.66],[85,49.89],[84.99,50.06],[84.26,50.29],[84.18,50.52],[83.95,50.77],[83.36,50.99],[82.76,50.89],[82.49,50.73],[81.93,50.77],[81.47,50.74],[81.39,50.96],[81.12,50.95],[81.13,51.19],[80.88,51.28],[80.45,51.18],[80.42,50.95],[79.99,50.77],[79.47,51.49],[78.48,52.64],[77.86,53.27],[77.7,53.38],[76.58,53.94],[76.79,54.32],[76.27,54.31],[75.66,54.11],[75.05,53.83],[74.83,53.83],[74.45,53.65],[73.29,53.6],[73.4,53.81],[72.91,54.11],[72.39,54.12],[72.27,54.27],[72,54.21],[71.34,54.16],[71.09,54.21],[71.19,54.6],[70.91,55.13],[70.74,55.31],[70.18,55.16],[69.49,55.36],[68.98,55.39],[68.52,55.2],[68.21,55.16],[68.07,54.96],[67.69,54.87],[66.22,54.67],[65.48,54.62],[65.16,54.36],[64.46,54.38],[64,54.27],[63.19,54.17],[63.07,54.11],[61.93,53.95],[61.33,54.05],[61.14,53.96],[60.98,53.62],[61.25,53.55],[61.2,53.29],[61.66,53.23],[62.01,53.11],[61.97,52.94],[61.4,53],[61.05,52.97],[60.8,52.74],[60.94,52.28],[60.07,51.98],[60.46,51.65],[61.36,51.44],[61.59,51.23],[61.39,50.86],[60.94,50.7],[60.64,50.66],[59.96,50.8],[59.81,50.58],[58.88,50.69],[58.36,51.06],[57.84,51.09],[57.65,50.93],[57.44,50.89],[57.01,51.07],[56.49,51.02],[55.8,50.6],[55.54,50.6],[54.73,51],[54.42,50.78],[54.04,51.12],[53.69,51.25],[53.34,51.48],[52.57,51.48],[52.33,51.68],[52.01,51.67],[51.61,51.48],[51.34,51.48],[51.16,51.65],[50.79,51.73],[50.25,51.29],[49.82,51.13],[49.5,51.08],[49.32,50.85],[48.81,50.6],[48.7,50.35],[48.84,50.01],[48.43,49.83],[48.22,49.93],[47.71,50.38],[47.5,50.4],[47.33,50.27],[47.3,50.06],[46.99,49.85],[46.8,49.37],[47.01,49.1],[46.7,48.81],[46.61,48.57],[46.66,48.41],[47,48.28],[47.12,48.13],[47.09,47.95],[47.29,47.74],[47.48,47.8],[48.11,47.75],[48.55,47.32],[48.96,46.77],[48.61,46.57],[49.23,46.34],[49.35,46.52],[50,46.63],[50.42,46.88],[50.58,46.88],[51.18,47.11],[51.65,47.02],[51.74,46.93],[52.19,46.84],[52.48,46.99],[52.92,46.95],[53.17,46.67],[53.08,46.55],[53.14,46.19],[53.04,45.97],[52.77,45.57],[53.09,45.41],[53.08,45.31],[52.53,45.4],[51.73,45.4],[51.42,45.36],[51.25,45.12],[51.04,44.98],[51.06,44.81],[51.38,44.54],[51.18,44.5],[50.86,44.63],[50.41,44.62],[50.25,44.41],[50.33,44.33],[50.83,44.19],[51.14,43.65],[51.3,43.48],[51.3,43.17],[51.62,43.16],[51.84,42.91],[52.6,42.76],[52.62,42.43],[52.46,42.1],[52.49,41.78],[52.87,42.06],[53.25,42.21],[53.69,42.3],[54.12,42.34],[54.68,42.08],[54.9,41.92],[55.25,41.46],[55.55,41.26],[55.98,41.32],[55.98,42.47],[55.98,43.62],[55.98,44.99],[57.48,45.34],[58.56,45.56],[60.19,44.78],[61.01,44.39],[61.16,44.17],[61.99,43.49],[63.21,43.63],[64.44,43.55],[64.91,43.71],[65.27,43.42],[65.5,43.31],[65.8,42.88],[66.1,42.99],[66.01,42],[66.5,41.99],[66.67,41.27],[66.81,41.14],[67.94,41.2],[68.11,41.03],[68.05,40.81],[68.29,40.66],[68.6,40.66],[68.58,40.88],[68.99,41.21],[69.06,41.37],[69.66,41.67],[70.1,41.82],[70.42,42.08],[70.61,42.05],[70.95,42.25]]]},"properties":{"name":"Kazakhstan"}},
{"type":"Feature","geometry":{"type":"Polygon","coordinates":[[[35.79,32.73],[35.57,32.64],[35.55,32.4],[35.56,31.77],[35.45,31.48],[35.44,31.13],[35.17,30.52],[35.14,30.14],[34.97,29.56],[34.95,29.35],[36.02,29.19],[36.48,29.5],[36.76,29.87],[37.47,30],[37.63,30.31],[37.98,30.5],[37.48,31.01],[36.96,31.49],[38.96,31.99],[39.15,32.12],[39.04,32.31],[39.06,32.49],[38.77,33.37],[38.06,32.99],[36.82,32.32],[36.37,32.39],[36.06,32.53],[35.79,32.73]]]},"properties":{"name":"Jordan"}},
{"type":"Feature","geometry":{"type":"MultiPolygon","coordinates":[[[[138.34,37.82],[138.5,37.9],[138.46,38.29],[138.25,38.08],[138.34,37.82]]],[[[130.08,32.23],[130.2,32.34],[130.17,32.54],[130.01,32.52],[129.98,32.35],[130.08,32.23]]],[[[143.82,44.12],[143.29,44.4],[142.7,44.82],[142.42,45.13],[141.94,45.51],[141.67,45.4],[141.58,45.16],[141.78,44.72],[141.66,44.26],[141.64,44.02],[141.4,43.64],[141.41,43.38],[141.3,43.2],[140.78,43.21],[140.49,43.34],[140.4,43.17],[140.49,43.05],[140.22,42.8],[139.89,42.65],[139.82,42.39],[139.9,42.19],[140.11,41.91],[140,41.58],[140.15,41.42],[140.38,41.52],[140.66,41.82],[141,41.74],[141.15,41.81],[140.73,42.12],[140.53,42.13],[140.32,42.33],[140.48,42.56],[140.71,42.56],[140.99,42.34],[141.41,42.55],[141.85,42.58],[142.51,42.26],[143.24,42],[143.43,42.42],[143.58,42.6],[143.97,42.88],[144.3,42.98],[144.63,42.95],[145.03,43.03],[145.35,43.18],[145.34,43.3],[145.1,43.76],[145.35,44.23],[144.8,43.94],[144.48,43.95],[144.1,44.1],[143.82,44.12]]],[[[131.17,33.6],[130.95,33.87],[130.72,33.93],[130.48,33.83],[130.37,33.63],[129.66,33.36],[129.58,33.24],[129.9,33.02],[129.83,32.73],[130.18,32.85],[130.13,33.1],[130.38,33.09],[130.64,32.62],[130.46,32.3],[130.19,32.09],[130.19,31.77],[130.32,31.6],[130.2,31.29],[130.59,31.18],[130.53,31.46],[130.66,31.72],[130.79,31.27],[130.69,31.02],[131.1,31.26],[131.14,31.44],[131.34,31.4],[131.46,31.67],[131.46,31.88],[131.73,32.59],[131.98,32.84],[131.9,33.25],[131.54,33.27],[131.71,33.5],[131.58,33.65],[131.42,33.58],[131.17,33.6]]],[[[134.36,34.26],[134.08,34.36],[133.71,34.24],[133.58,34.02],[133.13,33.93],[132.99,34.09],[132.78,33.99],[132.64,33.69],[132.37,33.51],[132.51,33.29],[132.5,32.92],[132.98,32.84],[133.29,33.36],[133.63,33.51],[133.96,33.45],[134.18,33.25],[134.38,33.61],[134.74,33.82],[134.64,34.04],[134.64,34.23],[134.36,34.26]]],[[[141.23,41.37],[140.94,41.51],[140.8,41.14],[141.2,41.24],[141.26,41.1],[141.12,40.88],[140.94,40.94],[140.68,40.89],[140.63,41.2],[140.39,41.23],[140.28,40.85],[140.03,40.73],[139.92,40.6],[140.01,40.31],[139.91,40.02],[140.05,39.75],[140.05,39.46],[139.91,39.23],[139.8,38.88],[139.58,38.6],[139.4,38.14],[139.25,38.01],[138.89,37.84],[138.71,37.56],[138.32,37.22],[137.51,36.95],[137.34,36.77],[137.02,36.84],[136.92,37.17],[137.34,37.44],[137.32,37.52],[136.84,37.38],[136.72,37.2],[136.7,36.74],[136.36,36.36],[136.16,36.22],[136.01,35.99],[136.1,35.77],[135.68,35.5],[135.33,35.53],[135.17,35.75],[134.88,35.66],[134.46,35.63],[134.21,35.54],[133.38,35.46],[133.27,35.56],[132.92,35.51],[131.86,34.73],[131.61,34.62],[131.35,34.41],[131,34.39],[130.89,34.26],[130.92,33.98],[131.23,33.95],[131.74,34.05],[132.09,33.86],[132.24,34.23],[132.42,34.35],[132.66,34.25],[133.02,34.33],[133.14,34.3],[133.45,34.43],[133.97,34.53],[134.21,34.7],[134.74,34.77],[135.04,34.63],[135.36,34.65],[135.38,34.5],[135.1,34.29],[135.18,33.9],[135.45,33.55],[135.7,33.49],[135.92,33.56],[136.33,34.18],[136.85,34.32],[136.88,34.43],[136.53,34.68],[136.69,34.98],[136.88,34.81],[137.28,34.77],[137.32,34.64],[137.54,34.66],[138.19,34.6],[138.25,34.73],[138.58,35.09],[138.8,34.97],[138.76,34.7],[138.98,34.7],[139.09,34.84],[139.12,35.1],[139.25,35.28],[139.47,35.3],[139.65,35.41],[139.83,35.66],[140.09,35.54],[139.83,35.3],[139.8,34.96],[140.06,35.04],[140.42,35.27],[140.46,35.51],[140.64,35.66],[140.87,35.72],[140.62,36.06],[140.57,36.23],[140.63,36.5],[140.79,36.85],[140.97,37],[141.04,37.47],[140.93,37.95],[140.96,38.15],[141.11,38.34],[141.47,38.4],[141.55,38.76],[141.66,38.97],[141.9,39.11],[141.98,39.43],[141.98,39.84],[141.8,40.29],[141.46,40.61],[141.4,41.1],[141.46,41.4],[141.23,41.37]]]]},"properties":{"name":"Japan"}},
{"type":"Feature","geometry":{"type":"Polygon","coordinates":[[[35.84,33.42],[35.53,33.25],[35.41,33.08],[35.11,33.08],[34.92,32.61],[34.68,31.9],[34.48,31.58],[34.53,31.53],[34.25,31.21],[34.66,30.19],[34.9,29.48],[34.97,29.56],[35.14,30.14],[35.17,30.52],[35.44,31.13],[35.45,31.48],[35.1,31.37],[34.87,31.4],[34.95,31.6],[35.2,31.78],[34.99,31.91],[34.96,32.16],[35.07,32.46],[35.19,32.53],[35.55,32.4],[35.57,32.64],[35.79,32.73],[35.89,32.94],[35.82,33.36],[35.84,33.42]]]},"properties":{"name":"Israel"}},
{"type":"Feature","geometry":{"type":"MultiPolygon","coordinates":[[[[35.55,32.4],[35.19,32.53],[35.07,32.46],[34.96,32.16],[34.99,31.91],[35.2,31.78],[34.95,31.6],[34.87,31.4],[35.1,31.37],[35.45,31.48],[35.56,31.77],[35.55,32.4]]],[[[34.48,31.58],[34.2,31.32],[34.25,31.21],[34.53,31.53],[34.48,31.58]]]]},"properties":{"name":"Palestine"}},
{"type":"Feature","geometry":{"type":"Polygon","coordinates":[[[42.36,37.11],[42.35,37.06],[41.79,36.6],[41.42,36.51],[41.3,36.38],[41.25,36.07],[41.35,35.64],[41.22,35.29],[41.19,34.77],[40.99,34.43],[40.69,34.33],[39.56,33.77],[38.77,33.37],[39.06,32.49],[39.04,32.31],[39.15,32.12],[40.37,31.94],[42.07,31.08],[42.86,30.5],[44.1,29.62],[44.69,29.2],[46.36,29.06],[46.53,29.1],[46.91,29.54],[47.11,29.96],[47.33,30.08],[47.67,30.1],[47.98,29.98],[48.14,30.04],[48.55,29.96],[48.43,30.04],[48.33,30.29],[48.01,30.47],[48.01,30.99],[47.68,31],[47.68,31.4],[47.83,31.79],[47.51,32.15],[47.37,32.42],[47.12,32.47],[46.38,32.93],[46.11,32.96],[46.15,33.23],[45.88,33.61],[45.74,33.6],[45.4,33.97],[45.53,34.15],[45.44,34.42],[45.64,34.57],[45.68,34.8],[45.92,35.03],[46.13,35.13],[46.11,35.32],[45.97,35.52],[46.17,35.82],[45.72,35.84],[45.36,36.02],[45.24,36.36],[45.03,36.53],[44.88,36.8],[44.77,37.14],[44.61,37.18],[44.28,36.98],[44.21,37.2],[44.01,37.31],[43.84,37.22],[43.52,37.24],[43.09,37.37],[42.77,37.37],[42.36,37.11]]]},"properties":{"name":"Iraq"}},
{"type":"Feature","geometry":{"type":"MultiPolygon","coordinates":[[[[53.91,37.34],[54.02,36.95],[53.37,36.87],[52.19,36.62],[51.76,36.61],[51.12,36.74],[50.53,37.01],[50.34,37.15],[50.13,37.41],[49.47,37.5],[49.08,37.67],[48.96,37.89],[48.87,38.44],[48.59,38.41],[48.42,38.59],[48.02,38.82],[48.24,38.98],[48.14,39.31],[48.32,39.4],[48,39.68],[47.77,39.65],[46.85,39.15],[46.49,38.91],[46.11,38.88],[45.48,39.01],[45.14,39.25],[44.82,39.65],[44.59,39.77],[44.46,39.67],[44.39,39.42],[44.02,39.38],[44.18,39.14],[44.14,38.99],[44.27,38.84],[44.29,38.42],[44.43,38.36],[44.21,37.91],[44.56,37.74],[44.57,37.44],[44.79,37.29],[44.77,37.14],[44.88,36.8],[45.03,36.53],[45.24,36.36],[45.36,36.02],[45.72,35.84],[46.17,35.82],[45.97,35.52],[46.11,35.32],[46.13,35.13],[45.92,35.03],[45.68,34.8],[45.64,34.57],[45.44,34.42],[45.53,34.15],[45.4,33.97],[45.74,33.6],[45.88,33.61],[46.15,33.23],[46.11,32.96],[46.38,32.93],[47.12,32.47],[47.37,32.42],[47.51,32.15],[47.83,31.79],[47.68,31.4],[47.68,31],[48.01,30.99],[48.01,30.47],[48.33,30.29],[48.43,30.04],[48.55,29.96],[48.92,30.12],[48.92,30.4],[49.43,30.13],[49.55,30.03],[49.98,30.21],[50.07,30.2],[50.17,29.92],[50.65,29.42],[50.68,29.15],[50.88,29.06],[50.87,28.87],[51.06,28.73],[51.09,28.51],[51.28,28.13],[51.67,27.84],[52.03,27.82],[52.48,27.62],[52.69,27.32],[52.98,27.14],[53.45,26.94],[53.71,26.73],[54.25,26.7],[54.64,26.51],[54.9,26.56],[55.29,26.79],[55.42,26.77],[55.65,26.98],[55.94,27.04],[56.36,27.2],[56.81,27.09],[56.98,26.91],[57.07,26.68],[57.1,26.37],[57.21,26.04],[57.33,25.79],[57.73,25.72],[57.8,25.65],[58.31,25.58],[58.8,25.55],[59.05,25.42],[59.46,25.48],[59.62,25.4],[60.02,25.38],[60.4,25.31],[60.51,25.44],[60.66,25.28],[61.41,25.1],[61.59,25.2],[61.67,25.77],[61.75,25.84],[61.87,26.24],[62.24,26.36],[62.44,26.56],[62.79,26.64],[63.17,26.67],[63.25,26.88],[63.17,27.25],[62.76,27.25],[62.81,27.5],[62.74,28],[62.76,28.2],[62.56,28.24],[62.35,28.41],[61.89,28.55],[61.62,28.79],[61.34,29.26],[61.32,29.37],[60.84,29.86],[61.78,30.83],[61.81,31.07],[61.66,31.38],[60.85,31.48],[60.79,31.66],[60.83,32.25],[60.58,32.99],[60.56,33.14],[60.92,33.51],[60.51,33.64],[60.49,34.09],[60.64,34.31],[60.89,34.32],[60.73,34.52],[60.95,34.65],[61.08,34.86],[61.26,35.62],[61.25,35.87],[61.12,36.64],[60.34,36.64],[60.06,36.96],[59.56,37.18],[59.24,37.52],[58.82,37.68],[58.44,37.64],[57.71,37.91],[57.42,37.95],[57.19,38.22],[56.44,38.25],[56.23,38.07],[55.58,38.1],[55.08,37.9],[54.85,37.72],[54.75,37.5],[54.19,37.33],[53.91,37.34]]],[[[56.19,26.92],[56.07,26.98],[55.76,26.81],[55.95,26.7],[56.19,26.92]]]]},"properties":{"name":"Iran"}},
{"type":"Feature","geometry":{"type":"MultiPolygon","coordinates":[[[[124.92,-8.94],[124.44,-9.19],[124.28,-9.43],[124.04,-9.34],[123.71,-9.61],[123.59,-9.97],[123.72,-10.08],[123.64,-10.31],[123.86,-10.34],[124.18,-10.18],[124.43,-10.15],[124.96,-9.67],[125.07,-9.51],[124.97,-9.29],[124.92,-8.94]]],[[[140.97,-2.61],[140.75,-2.61],[140.62,-2.45],[140.25,-2.41],[140.15,-2.35],[139.79,-2.35],[139.04,-1.99],[138.81,-1.92],[138.65,-1.79],[138.11,-1.62],[137.81,-1.48],[137.12,-1.84],[137.17,-2.03],[136.84,-2.2],[136.39,-2.27],[136.24,-2.58],[136.01,-2.73],[135.86,-3],[135.49,-3.35],[135.04,-3.33],[134.7,-2.93],[134.63,-2.54],[134.48,-2.58],[134.46,-2.83],[134.16,-2.2],[134.11,-1.72],[134.26,-1.36],[134.07,-1],[134.11,-0.85],[133.97,-0.74],[133.47,-0.73],[133.08,-0.51],[132.63,-0.36],[132.39,-0.36],[132.13,-0.45],[131.8,-0.7],[131.26,-0.86],[131.12,-1.46],[131.29,-1.39],[131.73,-1.54],[131.93,-1.56],[132.02,-1.99],[132.31,-2.24],[132.5,-2.22],[132.96,-2.27],[133.22,-2.21],[133.49,-2.23],[133.92,-2.1],[133.9,-2.39],[133.61,-2.55],[133.19,-2.44],[133.03,-2.49],[132.73,-2.79],[132.23,-2.68],[131.97,-2.79],[132.05,-2.91],[132.35,-2.98],[132.75,-3.29],[132.87,-3.55],[132.75,-3.7],[132.84,-3.95],[132.97,-4.09],[133.25,-4.06],[133.4,-3.9],[133.42,-3.73],[133.65,-3.36],[133.72,-3.58],[133.97,-3.82],[134.15,-3.8],[134.27,-3.95],[134.39,-3.91],[134.68,-4.08],[134.75,-4.2],[135.2,-4.45],[135.45,-4.44],[135.98,-4.53],[136.62,-4.82],[137.09,-4.92],[137.76,-5.26],[138.06,-5.47],[138.09,-5.71],[138.25,-5.69],[138.3,-5.95],[138.44,-6.34],[138.86,-6.86],[138.6,-6.94],[138.72,-7.07],[138.75,-7.25],[139.09,-7.59],[138.86,-8.15],[138.93,-8.26],[139.19,-8.09],[139.39,-8.19],[139.93,-8.1],[140.1,-8.3],[140.49,-8.62],[140.66,-8.85],[140.98,-9.12],[140.98,-8.5],[140.98,-6.91],[140.86,-6.74],[140.98,-6.35],[140.97,-5.65],[140.97,-4.23],[140.97,-2.61]]],[[[109.63,2.03],[109.38,1.92],[109.27,1.71],[109.08,1.5],[108.96,1.13],[108.91,0.79],[108.94,0.36],[109.26,0.03],[109.12,-0.27],[109.16,-0.49],[109.37,-0.64],[109.27,-0.73],[109.45,-0.87],[109.79,-1.01],[109.94,-1.18],[110.02,-1.4],[110.02,-1.64],[109.96,-1.86],[110.08,-1.95],[110.22,-2.69],[110.23,-2.93],[110.57,-2.89],[110.7,-3.02],[111.04,-3.06],[111.37,-2.93],[111.82,-3.06],[111.82,-3.53],[111.95,-3.53],[112.28,-3.32],[112.6,-3.4],[112.97,-3.19],[113.03,-2.93],[113.34,-3.25],[113.53,-3.18],[113.63,-3.42],[113.8,-3.46],[114.08,-3.28],[114.54,-3.49],[114.61,-3.7],[114.63,-4.11],[114.69,-4.17],[115.96,-3.6],[116.17,-3.18],[116.17,-3.03],[116.33,-2.9],[116.38,-2.58],[116.53,-2.51],[116.57,-2.3],[116.42,-2.05],[116.42,-1.78],[116.55,-1.47],[116.77,-1.27],[117,-1.19],[117.24,-0.93],[117.56,-0.77],[117.46,-0.32],[117.52,0.24],[117.75,0.73],[117.92,0.83],[118.02,1.04],[118.2,0.87],[118.53,0.81],[118.89,0.89],[118.98,0.98],[118.64,1.32],[118.08,1.7],[117.86,1.97],[118.07,2.32],[117.79,2.75],[117.64,2.83],[117.61,3.06],[117.35,3.19],[117.38,3.37],[117.17,3.59],[117.63,3.64],[117.73,3.8],[117.47,4.08],[117.57,4.17],[117.1,4.34],[116.51,4.37],[116.41,4.31],[115.9,4.35],[115.68,4.19],[115.57,3.94],[115.57,3.45],[115.45,3.03],[115.25,3.03],[115.09,2.84],[115.08,2.63],[115.18,2.52],[114.79,2.25],[114.83,1.98],[114.7,1.85],[114.55,1.47],[114.39,1.5],[113.9,1.43],[113.62,1.24],[113.01,1.43],[112.94,1.57],[112.48,1.56],[112.19,1.44],[112.08,1.14],[111.77,1],[111.29,1.04],[110.94,1.02],[110.51,0.86],[110.32,1],[109.65,1.61],[109.54,1.9],[109.63,2.03]]],[[[117.65,4.17],[117.74,4],[117.88,4.19],[117.65,4.17]]],[[[97.48,1.47],[97.36,1.54],[97.24,1.42],[97.41,0.95],[97.6,0.83],[97.68,0.6],[97.88,0.63],[97.93,0.97],[97.7,1.18],[97.48,1.47]]],[[[99.16,-1.78],[99.27,-1.63],[98.87,-0.92],[98.68,-0.97],[98.6,-1.2],[98.87,-1.66],[99.16,-1.78]]],[[[116.64,-8.61],[116.73,-8.39],[116.65,-8.28],[116.4,-8.2],[116.06,-8.44],[116.08,-8.74],[116.38,-8.93],[116.64,-8.61]]],[[[115.45,-8.16],[115.15,-8.07],[115,-8.17],[114.48,-8.12],[114.61,-8.38],[114.84,-8.43],[115.06,-8.57],[115.24,-8.8],[115.33,-8.62],[115.7,-8.41],[115.45,-8.16]]],[[[106.05,-1.67],[105.91,-1.5],[105.59,-1.53],[105.37,-1.66],[105.37,-1.81],[105.19,-1.92],[105.13,-2.04],[105.34,-2.13],[105.55,-2.08],[105.79,-2.18],[105.94,-2.49],[105.91,-2.64],[106,-2.82],[106.25,-2.89],[106.55,-3.06],[106.68,-2.7],[106.82,-2.57],[106.37,-2.46],[106.21,-2.19],[106.16,-1.87],[106.05,-1.67]]],[[[123.18,-4.55],[123.04,-4.39],[122.85,-4.62],[122.85,-4.83],[122.77,-5.21],[122.58,-5.54],[122.81,-5.67],[122.99,-5.39],[123.2,-5.27],[122.97,-5.14],[123.06,-4.75],[123.2,-4.77],[123.18,-4.55]]],[[[122.65,-5.27],[122.61,-5.14],[122.76,-4.93],[122.7,-4.62],[122.37,-4.77],[122.4,-5.07],[122.28,-5.32],[122.56,-5.39],[122.65,-5.27]]],[[[108.32,3.69],[108.39,3.99],[108.2,4.2],[108,4.04],[108.09,3.85],[108.32,3.69]]],[[[108.21,-3],[108.29,-2.83],[108.07,-2.6],[107.84,-2.53],[107.67,-2.57],[107.6,-2.8],[107.61,-3.21],[107.94,-3.13],[108.06,-3.23],[108.21,-3]]],[[[135.38,-0.65],[135.43,-0.77],[135.65,-0.88],[135.75,-0.82],[135.84,-1.12],[136.11,-1.22],[136.28,-1.06],[135.89,-0.73],[135.38,-0.65]]],[[[135.47,-1.59],[135.49,-1.67],[136.19,-1.86],[136.46,-1.89],[136.39,-1.72],[136.2,-1.65],[135.47,-1.59]]],[[[130.81,0],[130.29,-0.1],[130.24,-0.21],[130.69,-0.3],[130.75,-0.44],[131.1,-0.33],[131.26,-0.37],[131.28,-0.15],[130.81,0]]],[[[128.45,2.05],[128.62,2.22],[128.69,2.47],[128.6,2.6],[128.33,2.47],[128.22,2.3],[128.3,2.03],[128.45,2.05]]],[[[128.15,-1.66],[128.15,-1.6],[127.74,-1.36],[127.46,-1.45],[127.39,-1.64],[127.56,-1.73],[128.15,-1.66]]],[[[126.02,-1.79],[125.52,-1.8],[125.48,-1.94],[125.96,-1.92],[126.02,-1.79]]],[[[124.97,-1.71],[124.66,-1.64],[124.38,-1.69],[124.33,-1.86],[124.42,-2.01],[124.83,-1.89],[125.01,-1.94],[125.32,-1.81],[124.97,-1.71]]],[[[131.33,-8],[131.38,-7.87],[131.62,-7.63],[131.69,-7.44],[131.56,-7.14],[131.35,-7.43],[131.26,-7.47],[131.09,-7.87],[131.11,-8],[131.33,-8]]],[[[126.8,-7.67],[126.61,-7.57],[126.21,-7.71],[125.98,-7.66],[125.84,-7.82],[126.47,-7.95],[126.58,-7.81],[126.8,-7.67]]],[[[124.58,-8.14],[124.43,-8.18],[124.44,-8.44],[125.1,-8.35],[125.12,-8.2],[124.58,-8.14]]],[[[131,-1.32],[131.07,-0.97],[130.9,-0.89],[130.67,-0.96],[130.78,-1.26],[131,-1.32]]],[[[96.49,5.23],[96.13,5.29],[95.84,5.51],[95.63,5.61],[95.4,5.63],[95.23,5.56],[95.21,5.28],[95.49,4.76],[95.99,4.26],[96.23,4.07],[96.44,3.82],[96.8,3.71],[96.97,3.58],[97.39,2.98],[97.59,2.85],[97.7,2.36],[98.01,2.24],[98.56,1.9],[98.8,1.49],[99.16,0.35],[99.33,0.21],[99.6,0.1],[99.72,-0.03],[99.86,-0.31],[100.31,-0.83],[100.49,-1.3],[100.86,-1.93],[100.85,-2.14],[101.12,-2.59],[101.31,-2.73],[101.58,-3.17],[102.13,-3.6],[102.37,-3.97],[102.54,-4.15],[102.92,-4.47],[103.41,-4.82],[103.83,-5.08],[104.07,-5.39],[104.6,-5.9],[104.64,-5.52],[105.08,-5.75],[105.35,-5.55],[105.62,-5.8],[105.82,-5.68],[105.89,-5.01],[105.89,-4.55],[105.83,-4.16],[105.93,-3.88],[105.84,-3.61],[105.9,-3.41],[106.06,-3.22],[106.04,-3.11],[105.58,-2.49],[105.4,-2.38],[105.03,-2.36],[104.74,-2.57],[104.67,-2.39],[104.83,-2.23],[104.85,-2.09],[104.57,-1.92],[104.52,-1.82],[104.45,-1.36],[104.36,-1.04],[104.2,-1.05],[103.72,-0.89],[103.53,-0.75],[103.43,-0.53],[103.43,-0.19],[103.79,0.05],[103.67,0.29],[103.48,0.48],[103.07,0.49],[102.85,0.72],[102.47,0.78],[102.24,0.99],[102.16,1.26],[102.02,1.44],[101.78,1.62],[101.48,1.69],[101.3,2.01],[101.05,2.26],[100.83,2.24],[100.69,2.12],[100.46,2.26],[100.13,2.65],[99.91,2.99],[99.73,3.18],[99.15,3.58],[98.78,3.76],[98.66,3.93],[98.31,4.09],[98.25,4.41],[98.02,4.64],[97.91,4.88],[97.55,5.21],[97.19,5.21],[96.84,5.27],[96.49,5.23]]],[[[122.78,-8.61],[122.85,-8.3],[122.6,-8.4],[122.43,-8.6],[122.26,-8.62],[121.97,-8.46],[121.44,-8.58],[121.28,-8.48],[120.61,-8.24],[120.23,-8.29],[119.92,-8.45],[119.81,-8.7],[119.91,-8.86],[120.12,-8.78],[120.55,-8.8],[121.04,-8.94],[121.33,-8.92],[121.41,-8.81],[121.65,-8.9],[122.09,-8.74],[122.47,-8.73],[122.78,-8.61]]],[[[120.01,-9.37],[119.61,-9.35],[119.19,-9.38],[118.96,-9.52],[119.09,-9.71],[119.6,-9.77],[119.93,-9.97],[120.14,-10.2],[120.44,-10.29],[120.7,-10.21],[120.83,-10.04],[120.5,-9.67],[120.29,-9.65],[120.22,-9.51],[120.01,-9.37]]],[[[118.24,-8.32],[118.12,-8.12],[117.92,-8.09],[117.76,-8.15],[117.81,-8.34],[118.23,-8.59],[117.97,-8.73],[117.81,-8.71],[117.57,-8.43],[117.16,-8.37],[116.84,-8.53],[116.78,-8.66],[116.79,-9.01],[117.06,-9.1],[118.19,-8.84],[118.38,-8.67],[118.48,-8.86],[119.01,-8.75],[119.04,-8.56],[118.99,-8.34],[118.49,-8.27],[118.24,-8.32]]],[[[124.89,1],[125.12,1.38],[125.23,1.5],[125.16,1.64],[124.99,1.7],[124.79,1.47],[124.6,1.39],[124.53,1.23],[124.27,1.02],[123.85,0.84],[123.28,0.93],[122.96,0.92],[122.89,0.85],[122.44,1.02],[122.11,1.03],[121.87,1.09],[121.59,1.07],[121.44,1.21],[121.08,1.33],[120.91,1.29],[120.75,1.04],[120.52,0.82],[120.27,0.97],[120.06,0.69],[119.81,0.24],[119.87,0.04],[119.72,-0.09],[119.77,-0.48],[119.71,-0.68],[119.51,-0.91],[119.31,-1.41],[119.32,-1.93],[119.17,-2.14],[119.09,-2.48],[118.78,-2.76],[118.86,-2.93],[118.81,-3.16],[118.87,-3.4],[118.99,-3.54],[119.42,-3.48],[119.49,-3.77],[119.62,-4.03],[119.61,-4.42],[119.52,-4.88],[119.36,-5.31],[119.38,-5.42],[119.72,-5.69],[119.95,-5.58],[120.31,-5.54],[120.39,-5.39],[120.28,-5.15],[120.42,-4.62],[120.36,-4.09],[120.44,-3.71],[120.39,-3.35],[120.25,-3.05],[120.34,-2.87],[120.65,-2.67],[120.99,-2.67],[121.05,-2.75],[121.05,-3.17],[120.91,-3.4],[120.91,-3.56],[121.31,-3.92],[121.62,-4.09],[121.49,-4.58],[121.59,-4.76],[121.92,-4.85],[122.07,-4.79],[122.05,-4.62],[122.21,-4.5],[122.9,-4.35],[122.88,-4.11],[122.69,-4.08],[122.61,-3.92],[122.25,-3.62],[122.32,-3.28],[122.4,-3.2],[122.29,-2.91],[122.08,-2.75],[121.85,-2.33],[121.35,-1.95],[121.72,-1.86],[121.86,-1.69],[122.16,-1.59],[122.51,-1.35],[122.81,-0.97],[123.05,-0.87],[123.23,-1],[123.38,-1],[123.43,-0.78],[123.38,-0.65],[123.17,-0.57],[122.83,-0.66],[122.89,-0.76],[122.28,-0.76],[121.97,-0.93],[121.52,-0.86],[121.28,-1.12],[121.15,-1.34],[121.03,-1.41],[120.67,-1.37],[120.52,-1.04],[120.27,-0.9],[120.1,-0.65],[120.01,-0.2],[120.13,0.17],[120.35,0.45],[120.7,0.51],[121.01,0.44],[121.43,0.49],[121.84,0.44],[122.28,0.48],[123.08,0.49],[123.27,0.33],[123.75,0.31],[124.22,0.38],[124.43,0.47],[124.7,0.83],[124.89,1]]],[[[107.37,-6.01],[107.05,-5.9],[106.83,-6.1],[106.68,-6.04],[106.17,-5.96],[106.08,-5.91],[105.87,-6.12],[105.79,-6.46],[105.66,-6.47],[105.48,-6.78],[105.94,-6.86],[106.52,-7.05],[106.42,-7.24],[106.46,-7.37],[106.63,-7.42],[107.28,-7.47],[107.55,-7.54],[107.92,-7.72],[108.45,-7.8],[108.74,-7.67],[109.28,-7.7],[110.04,-7.89],[110.61,-8.15],[111.51,-8.31],[112.12,-8.32],[112.68,-8.41],[113.25,-8.29],[113.69,-8.48],[114.58,-8.77],[114.39,-8.41],[114.44,-7.9],[114.38,-7.77],[114.07,-7.63],[113.75,-7.7],[113.25,-7.72],[112.79,-7.55],[112.79,-7.3],[112.65,-7.22],[112.54,-6.93],[112.09,-6.89],[111.99,-6.81],[111.74,-6.77],[111.54,-6.65],[111.15,-6.67],[110.97,-6.44],[110.74,-6.47],[110.58,-6.81],[110.43,-6.95],[110.2,-6.9],[109.82,-6.9],[109.5,-6.81],[109.29,-6.87],[108.68,-6.79],[108.52,-6.47],[108.3,-6.27],[108.14,-6.3],[107.67,-6.22],[107.37,-6.01]]],[[[127.73,0.85],[127.65,1.01],[127.89,1.16],[128.01,1.33],[128.01,1.7],[127.89,1.83],[127.9,2.14],[127.63,1.84],[127.54,1.47],[127.42,1.25],[127.52,0.92],[127.56,0.49],[127.71,0.29],[127.69,-0.24],[127.89,-0.42],[128.05,-0.71],[128.25,-0.73],[127.98,-0.25],[127.89,0.05],[127.89,0.3],[127.98,0.47],[128.69,0.36],[128.61,0.55],[128.26,0.73],[128.3,0.88],[128.7,1.11],[128.69,1.57],[128.42,1.52],[128.16,1.32],[128.16,1.16],[127.97,1.04],[127.88,0.83],[127.73,0.85]]],[[[129.75,-2.87],[129.43,-2.79],[129.12,-2.94],[129.06,-2.84],[128.2,-2.87],[127.88,-3.22],[128.08,-3.18],[128.28,-3.24],[128.42,-3.42],[128.64,-3.43],[128.86,-3.23],[128.97,-3.33],[129.47,-3.45],[129.51,-3.33],[129.84,-3.33],[130.02,-3.47],[130.81,-3.86],[130.86,-3.57],[130.67,-3.39],[130.57,-3.13],[130.38,-2.99],[129.98,-2.98],[129.75,-2.87]]],[[[126.86,-3.09],[126.56,-3.07],[126.03,-3.17],[126.06,-3.42],[126.21,-3.61],[126.69,-3.82],[126.94,-3.76],[127.23,-3.63],[127.23,-3.39],[127.03,-3.17],[126.86,-3.09]]],[[[134.75,-5.71],[134.62,-5.44],[134.34,-5.71],[134.3,-6.01],[134.15,-6.06],[134.44,-6.33],[134.64,-6.37],[134.76,-6.17],[134.71,-5.95],[134.75,-5.71]]],[[[134.54,-6.44],[134.17,-6.18],[134.06,-6.77],[134.2,-6.91],[134.36,-6.81],[134.54,-6.44]]],[[[138.54,-8.27],[138.79,-8.06],[138.99,-7.7],[138.77,-7.39],[138.54,-7.38],[138.3,-7.44],[138.01,-7.64],[137.69,-8.26],[137.87,-8.38],[138.3,-8.41],[138.54,-8.27]]],[[[138.9,-8.39],[138.8,-8.17],[138.59,-8.37],[138.9,-8.39]]],[[[101.71,2.08],[101.41,2.02],[101.47,1.76],[101.6,1.72],[101.77,1.94],[101.71,2.08]]],[[[102.43,0.99],[102.44,1.23],[102.23,1.35],[102.33,1.01],[102.43,0.99]]],[[[102.49,1.46],[102.47,1.51],[102.04,1.63],[102.08,1.5],[102.49,1.46]]],[[[103.03,0.75],[103,0.86],[102.55,1.13],[102.45,0.89],[102.54,0.83],[103.03,0.75]]],[[[104.59,1.22],[104.36,1.18],[104.25,1.01],[104.58,0.83],[104.65,0.96],[104.59,1.22]]],[[[104.78,-0.18],[104.54,0.02],[104.45,-0.19],[104.57,-0.25],[104.78,-0.18]]],[[[104.47,-0.33],[104.26,-0.46],[104.49,-0.61],[104.59,-0.47],[104.47,-0.33]]],[[[109.71,-1.18],[109.74,-1.04],[109.48,-0.99],[109.43,-1.24],[109.71,-1.18]]],[[[113.84,-7.11],[114.08,-6.99],[113.97,-6.87],[113.07,-6.88],[112.87,-6.9],[112.76,-7.14],[113.04,-7.21],[113.47,-7.22],[113.66,-7.11],[113.84,-7.11]]],[[[127.57,-0.32],[127.3,-0.5],[127.47,-0.64],[127.68,-0.47],[127.57,-0.32]]],[[[128.28,-3.67],[128.26,-3.51],[128.02,-3.6],[128.14,-3.73],[128.28,-3.67]]],[[[129.84,-7.95],[129.81,-7.82],[129.61,-7.8],[129.71,-8.04],[129.84,-7.95]]],[[[130.35,-1.69],[129.99,-1.76],[129.74,-1.87],[129.89,-1.99],[130.25,-2.05],[130.42,-1.97],[130.35,-1.69]]],[[[100.43,-3.18],[100.45,-3],[100.25,-2.78],[100.2,-2.99],[100.43,-3.18]]],[[[100.2,-2.74],[100.01,-2.51],[100.01,-2.82],[100.2,-2.74]]],[[[99.84,-2.34],[99.69,-2.06],[99.61,-2.26],[99.84,-2.34]]],[[[98.46,-0.53],[98.54,-0.26],[98.43,-0.23],[98.31,-0.53],[98.46,-0.53]]],[[[96.46,2.36],[96.42,2.52],[95.81,2.92],[95.72,2.83],[95.81,2.66],[96.02,2.6],[96.46,2.36]]],[[[122.04,-5.44],[122.06,-5.22],[121.97,-5.08],[121.81,-5.26],[122.04,-5.44]]],[[[123.21,-1.17],[122.91,-1.18],[122.81,-1.43],[122.89,-1.59],[123.15,-1.3],[123.37,-1.51],[123.55,-1.34],[123.21,-1.17]]],[[[116.3,-3.87],[116.26,-3.39],[116.12,-3.34],[116.02,-3.7],[116.09,-4.05],[116.3,-3.87]]],[[[122.95,-10.91],[123.21,-10.81],[123.42,-10.65],[123.37,-10.47],[123.06,-10.7],[122.85,-10.76],[122.95,-10.91]]],[[[124.29,-8.33],[123.97,-8.35],[124.07,-8.55],[124.29,-8.33]]],[[[123.92,-8.27],[123.78,-8.19],[123.53,-8.27],[123.33,-8.44],[123.41,-8.59],[123.55,-8.57],[123.63,-8.42],[123.92,-8.27]]],[[[123.24,-4.11],[123.02,-3.98],[122.99,-4.15],[123.14,-4.23],[123.24,-4.11]]]]},"properties":{"name":"Indonesia"}},
{"type":"Feature","geometry":{"type":"Polygon","coordinates":[[[22.13,48.41],[21.77,48.34],[21.45,48.55],[21.07,48.51],[20.49,48.53],[20.33,48.3],[20,48.17],[20,46.16],[20.24,46.11],[20.61,46.13],[20.84,46.26],[21.15,46.3],[21.32,46.61],[21.79,47.14],[22,47.51],[22.29,47.73],[22.68,47.8],[22.88,47.95],[22.13,48.41]]]},"properties":{"name":"Hungary"}},
{"type":"Feature","geometry":{"type":"MultiPolygon","coordinates":[[[[26.32,41.72],[26.07,41.67],[26.16,41.43],[25.78,41.33],[25.25,41.24],[25.13,41.32],[24.6,41.44],[24.52,41.55],[24.06,41.53],[23.64,41.39],[22.92,41.34],[22.72,41.18],[22.49,41.12],[22.24,41.16],[21.93,41.11],[21.58,40.87],[20.96,40.85],[21.03,40.66],[20.81,40.45],[20.66,40.12],[20.31,39.98],[20.38,39.84],[20.21,39.65],[20,39.71],[20.19,39.55],[20.3,39.33],[20.78,39.01],[21.12,39.03],[21.07,38.89],[20.78,38.81],[20.99,38.65],[21.11,38.38],[21.39,38.41],[21.47,38.32],[21.97,38.41],[22.23,38.35],[22.42,38.44],[22.93,38.2],[23.12,38.07],[22.8,37.98],[22.56,38.11],[21.82,38.33],[21.66,38.18],[21.4,38.2],[21.15,37.92],[21.33,37.67],[21.57,37.54],[21.69,37.31],[21.58,37.08],[21.89,36.74],[21.96,36.99],[22.08,37.03],[22.49,36.57],[22.61,36.78],[22.78,36.79],[22.98,36.53],[23.07,36.77],[23,37.02],[22.77,37.39],[22.78,37.59],[23.1,37.44],[23.16,37.33],[23.49,37.44],[23.2,37.62],[23.19,37.96],[23.58,38.01],[23.88,37.78],[24.06,37.71],[24.02,38.14],[23.97,38.28],[23.68,38.35],[23.57,38.49],[23.37,38.53],[23.25,38.66],[22.77,38.8],[22.97,39.03],[22.84,39.26],[22.99,39.33],[23.29,39.29],[22.92,39.63],[22.84,39.8],[22.59,40.04],[22.63,40.5],[23.31,40.22],[23.66,40.22],[23.84,40.02],[23.97,40.11],[23.72,40.29],[23.88,40.54],[23.76,40.75],[24.08,40.72],[24.38,40.91],[24.79,40.86],[25.1,40.99],[25.25,40.93],[25.86,40.84],[26.04,40.73],[26.33,40.95],[26.33,41.24],[26.62,41.4],[26.58,41.6],[26.32,41.72]]],[[[23.42,38.96],[23.25,38.8],[23.76,38.4],[24.04,38.39],[24.21,38.12],[24.5,37.97],[24.56,38.15],[24.28,38.22],[24.1,38.67],[23.88,38.69],[23.47,38.85],[23.42,38.96]]],[[[26.09,38.22],[26.15,38.47],[26.01,38.6],[25.85,38.51],[26.09,38.22]]],[[[26.41,39.33],[26.17,39.37],[25.91,39.29],[25.91,39.14],[26.16,39.03],[26.47,38.97],[26.58,39.11],[26.41,39.33]]],[[[25.44,39.98],[25.06,40],[25.06,39.85],[25.36,39.81],[25.44,39.98]]],[[[27.84,35.93],[28.14,36.21],[28.17,36.43],[27.91,36.35],[27.72,36.17],[27.84,35.93]]],[[[23.85,35.54],[23.57,35.53],[23.56,35.3],[24.46,35.16],[24.71,35.09],[24.8,34.93],[26.24,35.04],[26.3,35.27],[25.75,35.14],[25.73,35.35],[25.48,35.31],[24.72,35.42],[24.31,35.36],[24.17,35.6],[23.85,35.54]]]]},"properties":{"name":"Greece"}},
{"type":"Feature","geometry":{"type":"Polygon","coordinates":[[[43.44,41.11],[44.23,41.21],[44.84,41.21],[45,41.29],[45.28,41.45],[45.72,41.34],[45.79,41.22],[46.17,41.2],[46.46,41.07],[46.63,41.16],[46.62,41.34],[46.31,41.51],[46.18,41.66],[46.43,41.89],[45.95,42.04],[45.64,42.21],[45.73,42.48],[45.34,42.53],[45.21,42.65],[44.87,42.76],[44.51,42.75],[43.96,42.57],[43.78,42.75],[43.09,42.99],[42.99,43.09],[42.42,43.22],[42.05,43.19],[41.58,43.22],[41.36,43.33],[41.08,43.37],[40.65,43.53],[40.15,43.57],[39.98,43.42],[40.52,43.12],[40.84,43.06],[41.13,42.83],[41.49,42.66],[41.76,41.97],[41.7,41.71],[41.51,41.52],[41.82,41.43],[41.93,41.5],[42.47,41.44],[42.57,41.56],[42.79,41.56],[43.44,41.11]]]},"properties":{"name":"Georgia"}},
{"type":"Feature","geometry":{"type":"Polygon","coordinates":[[[55.8,-21.34],[55.84,-21.14],[55.66,-20.91],[55.31,-20.9],[55.23,-21.06],[55.36,-21.27],[55.56,-21.36],[55.8,-21.34]]]},"properties":{"name":"France"}},
{"type":"Feature","geometry":null,"properties":{"name":"Finland"}},
{"type":"Feature","geometry":{"type":"Polygon","coordinates":[[[35.27,5.49],[35.75,5.34],[35.8,5.16],[35.76,4.81],[35.98,4.5],[36.08,4.45],[36.91,4.41],[38.09,3.65],[38.61,3.6],[39.23,3.48],[39.49,3.46],[39.66,3.58],[39.84,3.85],[40.01,3.95],[40.77,4.27],[41.09,3.99],[41.22,3.94],[41.88,3.98],[42.02,4.14],[42.23,4.2],[42.79,4.29],[43.02,4.56],[43.54,4.84],[44.03,4.95],[44.94,4.91],[45.93,6],[46.42,6.5],[46.97,7.03],[47.98,8],[46.98,8],[46.3,8.23],[44.89,8.7],[44.02,8.99],[43.62,9.34],[43.48,9.38],[43.3,9.61],[43.18,9.88],[43.07,9.93],[42.84,10.2],[42.66,10.62],[42.92,11],[42.56,11.08],[41.96,10.94],[41.8,10.98],[41.77,11.59],[42.38,12.47],[42.13,12.77],[41.95,12.88],[41.77,13.18],[41.36,13.5],[40.77,14.14],[40.52,14.23],[40.22,14.43],[39.9,14.44],[39.53,14.54],[39.2,14.48],[39.07,14.63],[38.81,14.48],[38.5,14.42],[38.22,14.65],[37.88,14.85],[37.57,14.15],[37.26,14.45],[37.02,14.27],[36.81,14.32],[36.52,14.26],[36.39,13.63],[36.21,13.27],[36.11,12.73],[35.82,12.68],[35.6,12.54],[35.25,11.96],[35.11,11.82],[34.96,11.28],[34.93,10.86],[34.77,10.75],[34.57,10.88],[34.43,10.79],[34.28,10.53],[34.29,10.12],[34.12,9.73],[34.08,9.46],[34.09,8.58],[33.95,8.44],[33.41,8.45],[33.23,8.4],[33.01,7.95],[33.23,7.76],[33.67,7.67],[33.9,7.51],[34.06,7.23],[34.28,7],[34.48,6.9],[34.71,6.66],[34.96,6.05],[35.08,5.67],[35.27,5.49]]]},"properties":{"name":"Ethiopia"}},
{"type":"Feature","geometry":{"type":"MultiPolygon","coordinates":[[[[27.35,57.53],[27.54,57.8],[27.75,57.84],[27.49,58.27],[27.46,58.84],[27.76,59.05],[28.01,59.48],[27.89,59.41],[26.97,59.45],[26.63,59.55],[25.51,59.64],[25.44,59.52],[24.38,59.47],[24.08,59.29],[23.49,59.2],[23.43,58.92],[23.51,58.66],[23.77,58.36],[24.11,58.27],[24.53,58.35],[24.32,57.87],[25.11,58.06],[25.34,58.04],[25.99,57.84],[26.3,57.6],[26.53,57.53],[26.9,57.61],[27.35,57.53]]],[[[22.62,58.62],[22.08,58.48],[21.88,58.26],[22.15,58.12],[22.76,58.26],[23.29,58.48],[22.96,58.61],[22.62,58.62]]],[[[22.92,58.83],[22.91,58.99],[22.59,59.08],[22.41,58.86],[22.54,58.69],[22.92,58.83]]]]},"properties":{"name":"Estonia"}},
{"type":"Feature","geometry":{"type":"Polygon","coordinates":[[[36.52,14.26],[36.81,14.32],[37.02,14.27],[37.26,14.45],[37.57,14.15],[37.88,14.85],[38.22,14.65],[38.5,14.42],[38.81,14.48],[39.07,14.63],[39.2,14.48],[39.53,14.54],[39.9,14.44],[40.22,14.43],[40.52,14.23],[40.77,14.14],[41.36,13.5],[41.77,13.18],[41.95,12.88],[42.13,12.77],[42.38,12.47],[42.48,12.51],[42.67,12.38],[42.88,12.62],[43.12,12.71],[43.08,12.82],[42.8,12.86],[42.73,13.02],[42.52,13.22],[42.4,13.21],[42.25,13.59],[41.66,13.98],[41.18,14.62],[40.8,14.74],[40.63,14.88],[40.2,15.01],[40.04,15.33],[39.86,15.47],[39.72,15.21],[39.63,15.45],[39.51,15.53],[39.42,15.79],[39.3,15.92],[39.22,16.19],[39.14,16.73],[38.91,17.43],[38.61,18.01],[38.25,17.58],[37.78,17.46],[37.51,17.29],[37.41,17.06],[37.01,17.06],[36.98,16.8],[36.89,16.62],[36.91,16.3],[36.68,15.73],[36.52,15.25],[36.43,15.13],[36.52,14.26]]]},"properties":{"name":"Eritrea"}},
{"type":"Feature","geometry":{"type":"Polygon","coordinates":[[[36.87,22],[36.83,22.1],[36.41,22.39],[36.23,22.63],[35.91,22.74],[35.7,22.95],[35.52,23.44],[35.5,23.78],[35.62,24.07],[35.48,24.15],[35.19,24.48],[34.57,25.69],[34.33,26.02],[34.05,26.55],[33.96,26.65],[33.89,27.05],[33.55,27.61],[33.55,27.9],[33.2,28.21],[32.9,28.57],[32.63,28.99],[32.57,29.39],[32.36,29.63],[32.57,29.97],[32.72,29.52],[33.08,29.07],[33.25,28.57],[33.59,28.26],[33.76,28.05],[34.05,27.83],[34.22,27.76],[34.4,28.02],[34.45,28.36],[34.62,28.76],[34.74,29.27],[34.9,29.48],[34.66,30.19],[34.25,31.21],[34.2,31.32],[33.9,31.18],[33.67,31.13],[33.13,31.17],[32.6,31.07],[32.32,31.26],[32.1,31.09],[32.01,31.22],[31.77,31.29],[31.89,31.54],[31.52,31.46],[31.19,31.59],[31,31.46],[30.7,31.4],[30.4,31.46],[30.22,31.26],[29.93,31.23],[29.59,31.01],[29.28,30.87],[29.07,30.83],[28.51,31.05],[27.97,31.1],[27.83,31.2],[27.54,31.21],[27.25,31.38],[25.89,31.62],[25.38,31.51],[25.15,31.65],[24.85,31.33],[24.88,31.06],[24.97,30.78],[24.88,30.46],[24.73,30.25],[24.98,29.18],[24.98,27.61],[24.98,26.04],[24.98,24.69],[24.98,23.57],[24.98,22],[26.13,22],[28.04,22],[29.56,22],[31.43,22],[32.61,22],[34.57,22],[35.89,22],[36.87,22]]]},"properties":{"name":"Egypt"}},
{"type":"Feature","geometry":{"type":"Polygon","coordinates":[[[43.25,11.5],[43.16,11.57],[42.64,11.56],[42.8,11.74],[43.27,11.97],[43.41,12.19],[43.3,12.46],[43.12,12.71],[42.88,12.62],[42.67,12.38],[42.48,12.51],[42.38,12.47],[41.77,11.59],[41.8,10.98],[41.96,10.94],[42.56,11.08],[42.92,11],[43.25,11.5]]]},"properties":{"name":"Djibouti"}},
{"type":"Feature","geometry":{"type":"Polygon","coordinates":[[[34,35.07],[33.94,35.29],[34.06,35.47],[33.46,35.34],[32.94,35.39],[32.88,35.18],[32.71,35.17],[32.92,35.09],[33.38,35.16],[33.53,35.04],[34,35.07]]]},"properties":{"name":"N. Cyprus"}},
{"type":"Feature","geometry":{"type":"Polygon","coordinates":[[[32.71,35.17],[32.56,35.16],[32.32,34.95],[32.45,34.73],[32.94,34.58],[33.12,34.7],[33.51,34.81],[33.7,34.97],[34,35.07],[33.53,35.04],[33.38,35.16],[32.92,35.09],[32.71,35.17]]]},"properties":{"name":"Cyprus"}},
{"type":"Feature","geometry":{"type":"Polygon","coordinates":[[[30.75,-8.19],[30.41,-7.46],[30.31,-7.2],[30.11,-6.92],[29.71,-6.62],[29.54,-6.31],[29.48,-6.02],[29.59,-5.65],[29.34,-4.98],[29.33,-4.84],[29.4,-4.45],[29.33,-4.1],[29.22,-3.91],[29.22,-3.05],[29.01,-2.72],[28.92,-2.68],[28.88,-2.4],[29.11,-2.23],[29.13,-1.86],[29.35,-1.52],[29.58,-1.39],[29.56,-0.98],[29.72,0.1],[29.93,0.5],[29.94,0.82],[30.18,0.97],[30.32,1.19],[30.48,1.24],[30.94,1.68],[31.25,2.04],[31.18,2.27],[30.96,2.4],[30.73,2.46],[30.85,2.85],[30.75,3.04],[30.91,3.41],[30.84,3.49],[30.76,3.62],[30.56,3.65],[30.51,3.84],[30.19,3.98],[29.87,4.33],[29.68,4.59],[29.47,4.61],[29.38,4.5],[29.15,4.39],[28.94,4.49],[28.73,4.5],[28.43,4.32],[28.19,4.35],[27.79,4.64],[27.66,4.85],[27.4,5.11],[27.11,5.2],[26.82,5.06],[26.17,5.17],[25.53,5.31],[25.4,5.26],[25.25,5.02],[24.77,4.93],[24.32,4.99],[23.42,4.66],[23.12,4.74],[22.86,4.72],[22.76,4.65],[22.51,4.21],[22.42,4.13],[21.91,4.25],[21.54,4.24],[21.23,4.3],[20.96,4.41],[20.56,4.46],[20.39,4.69],[20,4.95],[20,-6.98],[20.48,-6.92],[20.61,-7.28],[21.75,-7.31],[21.84,-7.42],[21.78,-7.87],[21.8,-8.11],[21.9,-8.34],[21.91,-8.69],[21.81,-9.47],[21.95,-9.73],[22.2,-10.04],[22.3,-10.4],[22.28,-10.78],[22.18,-10.89],[22.28,-11.19],[22.56,-11.06],[23.16,-11.07],[23.4,-10.98],[23.83,-11.01],[23.97,-10.87],[24.14,-11.03],[24.32,-11.07],[24.52,-11.44],[24.67,-11.35],[25.18,-11.24],[25.35,-11.62],[26.03,-11.89],[26.6,-11.97],[26.95,-11.9],[27.05,-11.62],[27.2,-11.61],[27.24,-11.78],[27.42,-11.94],[27.53,-12.2],[27.86,-12.28],[28.36,-12.48],[28.55,-12.84],[28.67,-12.86],[29.01,-13.37],[29.2,-13.4],[29.55,-13.25],[29.65,-13.41],[29.8,-13.39],[29.8,-12.16],[29.56,-12.2],[29.43,-12.43],[29.06,-12.35],[28.85,-12.12],[28.48,-11.81],[28.36,-11.48],[28.54,-10.8],[28.64,-10.67],[28.61,-10.4],[28.63,-9.83],[28.54,-9.51],[28.4,-9.22],[28.62,-9.07],[28.92,-8.7],[28.97,-8.46],[30.75,-8.19]]]},"properties":{"name":"Dem. Rep. Congo"}},
{"type":"Feature","geometry":{"type":"Polygon","coordinates":[[[43.47,-11.9],[43.38,-11.61],[43.23,-11.75],[43.47,-11.9]]]},"properties":{"name":"Comoros"}},
{"type":"Feature","geometry":{"type":"MultiPolygon","coordinates":[[[[107.97,21.51],[108.25,21.56],[108.32,21.69],[109.03,21.63],[109.15,21.43],[109.54,21.54],[109.93,21.48],[109.78,21.34],[109.68,21.13],[109.66,20.92],[109.95,20.47],[109.94,20.3],[110.12,20.26],[110.45,20.36],[110.51,20.52],[110.31,20.67],[110.37,20.84],[110.18,20.86],[110.19,21.04],[110.46,21.23],[110.57,21.21],[110.77,21.39],[111.1,21.48],[111.6,21.56],[111.94,21.85],[112.3,21.74],[112.59,21.78],[112.81,21.94],[112.98,21.94],[113.01,22.12],[113.27,22.09],[113.48,22.2],[113.53,22.25],[113.55,22.59],[113.33,22.91],[113.59,23.02],[113.62,22.86],[113.83,22.61],[114.02,22.51],[114.27,22.54],[114.5,22.53],[114.65,22.76],[114.85,22.62],[115.2,22.82],[115.5,22.72],[115.64,22.85],[115.85,22.8],[116.16,22.89],[116.25,22.98],[116.47,22.95],[116.54,23.18],[116.86,23.45],[116.91,23.65],[117.08,23.58],[117.47,23.84],[117.63,23.84],[118.06,24.25],[118.01,24.48],[118.09,24.63],[118.56,24.58],[118.91,24.93],[118.91,25.13],[119.02,25.22],[119.24,25.21],[119.26,25.47],[119.62,25.44],[119.54,25.59],[119.65,25.92],[119.46,26.05],[119.88,26.33],[119.78,26.55],[120.09,26.67],[120.14,26.89],[120.28,27.1],[120.54,27.32],[120.59,27.58],[120.96,28.04],[121.1,28.29],[121.35,28.23],[121.6,28.37],[121.48,28.64],[121.63,28.77],[121.66,29.01],[121.52,29.12],[121.72,29.26],[121.92,29.14],[121.97,29.49],[121.94,29.89],[121.68,29.98],[121.43,30.23],[121.16,30.3],[120.9,30.16],[120.63,30.13],[120.45,30.39],[120.82,30.35],[121,30.56],[121.53,30.84],[121.88,30.92],[121.66,31.32],[121.35,31.49],[121.06,31.72],[120.97,31.87],[121.35,31.86],[121.68,31.71],[121.87,31.7],[121.83,31.9],[121.4,32.21],[121.4,32.37],[120.85,32.66],[120.87,33.02],[120.5,33.64],[120.32,34.17],[120.2,34.33],[119.58,34.58],[119.35,34.75],[119.2,34.75],[119.22,35.01],[119.43,35.3],[119.72,35.59],[119.87,35.64],[120.05,35.86],[120.22,35.93],[120.09,36.12],[120.33,36.23],[120.39,36.05],[120.68,36.17],[120.68,36.34],[120.9,36.44],[120.99,36.6],[121.67,36.84],[121.93,36.96],[122.16,36.96],[122.34,36.83],[122.52,36.95],[122.6,37.43],[122.34,37.41],[122.06,37.53],[121.96,37.45],[121.64,37.46],[121.22,37.6],[120.75,37.83],[120.37,37.7],[120.16,37.5],[119.88,37.35],[119.76,37.16],[119.45,37.12],[119.11,37.2],[118.95,37.33],[118.99,37.64],[119.09,37.7],[118.94,38.04],[118.8,38.13],[118.54,38.09],[118.01,38.18],[117.77,38.31],[117.56,38.63],[117.62,38.85],[117.78,39.13],[118.04,39.23],[118.3,39.07],[118.63,39.18],[118.91,39.17],[119.22,39.41],[119.39,39.75],[119.59,39.9],[120.48,40.23],[120.77,40.59],[121.17,40.9],[121.86,40.84],[122.28,40.54],[122.19,40.36],[121.8,39.95],[121.52,39.84],[121.52,39.64],[121.27,39.54],[121.28,39.38],[121.79,39.4],[121.63,39.22],[121.68,39.11],[121.11,38.92],[121.32,38.81],[121.65,38.87],[122.12,39.15],[122.33,39.37],[123.03,39.67],[123.35,39.76],[124.11,39.84],[124.36,40],[124.39,40.1],[124.89,40.46],[125.42,40.66],[125.73,40.87],[125.99,40.9],[126.49,41.36],[126.6,41.64],[126.9,41.78],[127.18,41.53],[128.11,41.39],[128.29,41.56],[128.03,41.9],[128.05,41.99],[128.92,42.04],[129.2,42.22],[129.31,42.41],[129.52,42.38],[129.72,42.48],[129.78,42.78],[129.9,43],[130.24,42.89],[130.25,42.74],[130.53,42.54],[130.42,42.73],[130.58,42.81],[131.07,42.9],[131.26,43.43],[131.17,43.7],[131.26,44.07],[131.06,44.66],[131.08,44.91],[131.45,44.98],[131.85,45.33],[131.98,45.24],[132.94,45.03],[133.11,45.13],[133.19,45.49],[133.44,45.6],[133.51,45.88],[133.86,46.25],[133.87,46.5],[134.2,47.13],[134.17,47.3],[134.48,47.45],[134.75,47.72],[134.57,48.02],[134.67,48.15],[134.56,48.32],[134.29,48.37],[133.84,48.27],[133.47,48.1],[133.14,48.11],[132.71,47.95],[132.56,47.77],[131.79,47.68],[131.32,47.73],[131,47.69],[130.71,48.13],[130.8,48.34],[130.55,48.6],[130.55,48.86],[130.2,48.89],[129.5,49.39],[129.12,49.36],[128.82,49.46],[128.7,49.6],[128,49.57],[127.71,49.67],[127.5,49.87],[127.59,50.21],[127.31,50.45],[127.31,50.71],[126.92,51.1],[126.81,51.51],[126.51,51.93],[126.31,52.4],[126.02,52.61],[126.05,52.74],[125.73,52.89],[125.65,53.04],[124.97,53.2],[124.81,53.13],[124.29,53.34],[123.61,53.55],[123.15,53.54],[122.74,53.47],[122.34,53.49],[121.41,53.32],[120.99,53.28],[120.7,53.17],[120.09,52.79],[120.07,52.63],[120.66,52.57],[120.75,52.1],[120.51,51.85],[120.07,51.6],[119.19,50.38],[119.35,50.28],[119.26,50.07],[118.76,49.96],[118.45,49.84],[117.87,49.51],[117.25,49.62],[116.68,49.82],[115.95,48.69],[115.82,48.58],[115.79,48.25],[115.53,48.13],[115.56,47.95],[115.9,47.69],[116.23,47.86],[116.76,47.87],[117.07,47.81],[117.35,47.65],[117.77,47.99],[118.15,48.03],[118.5,47.98],[118.76,47.76],[119.08,47.65],[119.12,47.56],[119.71,47.15],[119.9,46.86],[119.87,46.67],[119.71,46.61],[119.16,46.64],[118.84,46.76],[118.72,46.69],[118.31,46.72],[117.67,46.52],[117.41,46.57],[117.33,46.36],[116.86,46.39],[116.56,46.29],[116.21,45.89],[116.24,45.8],[115.68,45.46],[114.92,45.38],[114.52,45.36],[114.42,45.2],[114.03,44.94],[113.59,44.75],[113.05,44.81],[112.6,44.92],[112.41,45.06],[111.9,45.06],[111.62,44.83],[111.4,44.37],[111.52,44.19],[111.84,43.93],[111.93,43.71],[111.55,43.5],[111.01,43.34],[110.4,42.77],[109.44,42.46],[108.69,42.42],[108.17,42.45],[106.77,42.29],[105.87,41.99],[105.2,41.74],[105.05,41.62],[104.5,41.66],[104.5,41.88],[103.71,41.75],[103.07,42.01],[102.16,42.16],[101.97,42.22],[101.71,42.47],[101.5,42.54],[101.09,42.55],[99.98,42.68],[99.47,42.57],[97.21,42.79],[96.39,42.72],[96.3,42.93],[95.91,43.21],[95.53,43.95],[95.36,44.01],[95.35,44.28],[95.05,44.26],[94.71,44.35],[94.2,44.65],[93.96,44.67],[93.66,44.9],[93.29,44.98],[92.79,45.04],[92.42,45.01],[92.03,45.07],[91.58,45.08],[91.05,45.22],[90.88,45.2],[90.66,45.53],[90.71,45.73],[91,46.04],[90.91,46.27],[91.03,46.53],[90.87,46.95],[90.72,47],[90.5,47.29],[90.31,47.68],[90.03,47.88],[89.78,47.83],[89.56,48],[89.05,48],[88.58,48.22],[88.52,48.38],[87.98,48.56],[88.03,48.74],[87.74,48.88],[87.81,49.16],[87.32,49.09],[86.89,49.09],[86.75,49.01],[86.72,48.7],[86.55,48.53],[85.75,48.39],[85.53,47.92],[85.66,47.25],[85.48,47.06],[85.23,47.04],[84.79,46.83],[84.67,46.97],[84.02,46.97],[83.63,47.04],[83.19,47.19],[83,47.03],[82.56,46.16],[82.33,45.52],[82.58,45.44],[82.62,45.29],[82.48,45.12],[82.27,45.22],[81.99,45.16],[81.6,45.31],[80.85,45.13],[80.63,45.13],[80.06,45.01],[80,44.8],[80.46,44.75],[80.34,44.44],[80.36,44.1],[80.5,43.89],[80.79,43.16],[80.39,43.04],[80.54,42.91],[80.25,42.8],[80.17,42.67],[80.26,42.24],[80.21,42.19],[80.22,42.03],[79.84,42],[79.77,41.9],[79.29,41.78],[78.36,41.37],[78.12,41.08],[77.58,40.99],[76.99,41.04],[76.82,40.98],[76.48,40.45],[76.26,40.43],[75.87,40.3],[75.66,40.33],[75.58,40.61],[75,40.45],[74.41,40.14],[73.99,40.04],[73.84,39.8],[73.91,39.61],[73.63,39.45],[73.61,39.23],[73.8,39],[73.7,38.85],[73.8,38.61],[74.03,38.54],[74.28,38.66],[74.75,38.51],[74.84,38.4],[74.79,38.1],[74.94,37.77],[74.89,37.6],[75.12,37.39],[74.89,37.23],[74.73,37.29],[74.37,37.16],[74.54,37.02],[74.89,36.95],[75.05,36.99],[75.35,36.91],[75.42,36.74],[75.67,36.74],[75.84,36.65],[75.97,36.38],[75.95,36.02],[76.25,35.81],[76.56,35.77],[76.77,35.66],[77.45,35.48],[77.8,35.5],[78.05,35.45],[78.01,35.25],[78.28,34.65],[78.67,34.52],[78.94,34.35],[78.97,34.23],[78.75,34.09],[78.8,33.5],[79.11,33.23],[79.2,32.95],[79.22,32.5],[78.92,32.36],[78.7,32.6],[78.39,32.52],[78.5,32.22],[78.74,31.96],[78.69,31.74],[78.8,31.62],[78.73,31.47],[78.79,31.29],[79.11,31.4],[79.34,31.11],[79.57,30.95],[79.79,30.97],[80.19,30.76],[80.19,30.57],[80.68,30.41],[81.01,30.16],[81.26,30.09],[81.42,30.34],[81.64,30.39],[82.04,30.33],[82.16,30.12],[82.49,29.94],[82.85,29.68],[83.16,29.61],[83.58,29.18],[83.94,29.28],[84.1,29.22],[84.23,28.91],[84.71,28.6],[85.16,28.59],[85.12,28.32],[85.68,28.28],[85.95,27.93],[86.08,28.08],[86.41,27.93],[86.55,28.09],[87.02,27.93],[87.14,27.84],[87.68,27.82],[87.86,27.89],[88.11,27.87],[88.11,27.93],[88.62,28.09],[88.8,28.01],[88.85,27.87],[88.75,27.52],[88.89,27.32],[88.95,27.46],[89.54,28.11],[89.98,28.31],[90.35,28.24],[90.35,28.08],[90.72,28.07],[91.08,27.97],[91.23,28.07],[91.61,27.95],[91.63,27.76],[91.98,27.73],[92.1,27.81],[92.41,27.82],[92.66,27.95],[92.7,28.15],[93.12,28.4],[93.21,28.59],[93.66,28.69],[93.9,28.8],[94.29,29.14],[94.62,29.31],[94.77,29.18],[95.42,29.05],[95.52,29.21],[96.04,29.45],[96.23,29.25],[96.12,29.08],[96.16,28.91],[96.44,29.05],[96.58,28.76],[96.28,28.43],[96.6,28.46],[96.78,28.37],[97.08,28.37],[97.32,28.22],[97.54,28.51],[97.86,28.36],[98.1,28.14],[98.3,27.55],[98.5,27.65],[98.65,27.57],[98.72,27.04],[98.73,26.58],[98.65,25.92],[98.47,25.79],[98.33,25.59],[98.17,25.59],[98.01,25.29],[97.82,25.25],[97.71,25.03],[97.72,24.84],[97.58,24.77],[97.53,24.49],[97.67,24.38],[97.69,23.9],[98.02,24.07],[98.21,24.11],[98.76,24.12],[98.68,23.84],[98.83,23.62],[98.8,23.52],[98.86,23.19],[99.34,23.1],[99.51,22.96],[99.39,22.83],[99.34,22.5],[99.19,22.13],[99.92,22.03],[99.93,21.82],[100.09,21.56],[100.21,21.46],[100.53,21.46],[100.84,21.66],[101.12,21.75],[101.14,21.57],[101.22,21.22],[101.54,21.23],[101.7,21.15],[101.74,21.83],[101.6,21.99],[101.52,22.25],[101.67,22.46],[101.84,22.39],[102.13,22.38],[102.43,22.73],[102.52,22.74],[103.01,22.45],[103.36,22.75],[103.47,22.6],[103.62,22.78],[103.92,22.54],[104.05,22.75],[104.21,22.81],[104.37,22.7],[104.8,22.91],[104.86,23.14],[105.28,23.35],[105.55,23.07],[105.84,22.92],[106.15,22.97],[106.25,22.87],[106.54,22.91],[106.78,22.78],[106.58,22.57],[106.54,22.4],[106.73,22],[107.01,21.89],[107.35,21.61],[107.8,21.65],[107.97,21.51]]],[[[110.89,19.99],[110.68,20.14],[110.59,19.98],[110.42,20.05],[110.17,20.05],[109.91,19.96],[109.65,19.98],[109.22,19.84],[109.18,19.67],[108.69,19.34],[108.64,18.91],[108.7,18.54],[109.03,18.37],[109.52,18.22],[109.7,18.26],[109.82,18.4],[110.45,18.75],[110.57,19.17],[110.82,19.56],[111.01,19.66],[110.89,19.99]]]]},"properties":{"name":"China"}},
{"type":"Feature","geometry":null,"properties":{"name":"Macao"}},
{"type":"Feature","geometry":{"type":"Polygon","coordinates":[[[114.02,22.51],[113.9,22.43],[114.27,22.3],[114.27,22.54],[114.02,22.51]]]},"properties":{"name":"Hong Kong"}},
{"type":"Feature","geometry":{"type":"Polygon","coordinates":[[[23.98,19.5],[23.02,19.97],[21.58,20.68],[20,21.46],[20,9.1],[20.34,9.13],[20.77,9.41],[21.01,9.71],[21.26,9.97],[21.4,10],[21.53,10.21],[21.73,10.37],[21.71,10.57],[22.04,10.82],[22.49,11],[22.86,10.92],[22.92,11.34],[22.64,11.52],[22.56,11.67],[22.58,11.99],[22.49,12.04],[22.35,12.66],[22,12.67],[21.83,12.79],[21.99,13.11],[22.23,13.33],[22.11,13.73],[22.17,13.91],[22.51,14.13],[22.38,14.55],[22.67,14.72],[22.76,15],[22.93,15.16],[22.93,15.53],[23.11,15.7],[23.98,15.78],[23.98,17.27],[23.98,18.16],[23.98,19.5]]]},"properties":{"name":"Chad"}},
{"type":"Feature","geometry":{"type":"Polygon","coordinates":[[[24.15,8.67],[23.68,8.73],[23.54,8.82],[23.47,9.11],[23.62,9.34],[23.65,9.82],[23.31,10.39],[22.96,10.75],[22.86,10.92],[22.49,11],[22.04,10.82],[21.71,10.57],[21.73,10.37],[21.53,10.21],[21.4,10],[21.26,9.97],[21.01,9.71],[20.77,9.41],[20.34,9.13],[20,9.1],[20,4.95],[20.39,4.69],[20.56,4.46],[20.96,4.41],[21.23,4.3],[21.54,4.24],[21.91,4.25],[22.42,4.13],[22.51,4.21],[22.76,4.65],[22.86,4.72],[23.12,4.74],[23.42,4.66],[24.32,4.99],[24.77,4.93],[25.25,5.02],[25.4,5.26],[25.53,5.31],[26.17,5.17],[26.82,5.06],[27.11,5.2],[27.4,5.11],[27.26,5.29],[27.21,5.62],[27.08,5.78],[26.73,6],[26.51,6.07],[26.31,6.46],[26.36,6.64],[25.89,7.06],[25.38,7.33],[25.19,7.52],[25.25,7.72],[24.85,8.14],[24.29,8.29],[24.18,8.46],[24.15,8.67]]]},"properties":{"name":"Central African Rep."}},
{"type":"Feature","geometry":{"type":"Polygon","coordinates":[[[107.52,14.71],[107.29,14.59],[107.11,14.42],[106.82,14.31],[106.5,14.58],[106.35,14.45],[105.98,14.34],[106.12,14.05],[105.9,13.92],[105.74,14.08],[105.53,14.16],[105.35,14.11],[105.18,14.35],[104.78,14.43],[104.41,14.37],[104.23,14.4],[103.82,14.36],[103.6,14.42],[103.2,14.33],[102.91,14.14],[102.73,13.84],[102.54,13.66],[102.32,13.54],[102.33,13.29],[102.46,13.02],[102.5,12.67],[102.76,12.43],[102.74,12.09],[102.93,11.71],[103.13,11.46],[103.09,11.21],[103.15,10.91],[103.35,10.92],[103.53,11.15],[103.72,10.89],[103.53,10.6],[103.66,10.51],[103.94,10.59],[104.26,10.54],[104.43,10.41],[104.56,10.52],[104.85,10.53],[105.06,10.73],[105.02,10.89],[105.31,10.85],[105.39,10.94],[105.76,10.99],[106.1,10.8],[106.17,11.01],[105.86,11.29],[105.85,11.64],[106.01,11.76],[106.34,11.68],[106.41,11.95],[106.7,11.98],[106.93,12.08],[107.16,12.28],[107.51,12.36],[107.56,12.54],[107.48,13.03],[107.61,13.44],[107.33,14.13],[107.36,14.37],[107.52,14.71]]]},"properties":{"name":"Cambodia"}},
{"type":"Feature","geometry":{"type":"MultiPolygon","coordinates":[[[[100.12,20.32],[100.25,20.73],[100.57,20.83],[100.54,20.99],[100.76,21.31],[100.93,21.37],[101.14,21.57],[101.12,21.75],[100.84,21.66],[100.53,21.46],[100.21,21.46],[100.09,21.56],[99.93,21.82],[99.92,22.03],[99.19,22.13],[99.34,22.5],[99.39,22.83],[99.51,22.96],[99.34,23.1],[98.86,23.19],[98.8,23.52],[98.83,23.62],[98.68,23.84],[98.76,24.12],[98.21,24.11],[98.02,24.07],[97.69,23.9],[97.67,24.38],[97.53,24.49],[97.58,24.77],[97.72,24.84],[97.71,25.03],[97.82,25.25],[98.01,25.29],[98.17,25.59],[98.33,25.59],[98.47,25.79],[98.65,25.92],[98.73,26.58],[98.72,27.04],[98.65,27.57],[98.5,27.65],[98.3,27.55],[98.1,28.14],[97.86,28.36],[97.54,28.51],[97.32,28.22],[97.34,27.94],[96.9,27.64],[96.9,27.44],[97.1,27.16],[96.88,27.18],[96.67,27.34],[96.06,27.22],[95.91,27.05],[95.46,26.76],[95.13,26.6],[95.06,26.47],[95.13,26.04],[94.99,25.77],[94.79,25.52],[94.62,25.41],[94.55,25.24],[94.71,25.05],[94.58,24.77],[94.29,24.32],[94.13,23.88],[93.68,24.01],[93.31,24.02],[93.41,23.68],[93.37,23.13],[93.16,22.91],[93.08,22.72],[93.16,22.36],[92.96,22],[92.69,22.13],[92.57,21.98],[92.59,21.47],[92.54,21.32],[92.33,21.44],[92.18,21.29],[92.32,20.79],[92.61,20.47],[92.74,20.56],[92.89,20.34],[92.79,20.21],[93,20.07],[93.36,20.06],[93.58,19.91],[93.61,19.78],[93.84,19.53],[94,19.44],[93.82,19.24],[93.58,19.4],[93.49,19.37],[93.71,19.03],[94.07,18.89],[94.25,18.61],[94.43,18.2],[94.49,17.82],[94.59,17.57],[94.56,17.31],[94.47,17.14],[94.35,16.64],[94.27,16.52],[94.21,16.13],[94.3,16.01],[94.59,16.29],[94.68,16.13],[94.66,15.9],[94.89,15.98],[94.94,15.82],[95.18,15.83],[95.39,15.72],[95.68,15.98],[95.76,16.17],[96.01,16.25],[96.32,16.44],[96.62,16.56],[96.81,16.78],[96.91,17.03],[96.85,17.2],[96.97,17.32],[97.18,17.06],[97.38,16.52],[97.62,16.54],[97.64,16.25],[97.58,16.02],[97.71,15.88],[97.8,15.18],[97.81,14.86],[98,14.34],[98.1,14.16],[98.11,13.71],[98.25,13.73],[98.42,13.48],[98.58,13.16],[98.7,12.23],[98.64,11.74],[98.74,11.59],[98.74,11.24],[98.68,10.99],[98.46,10.68],[98.52,10.35],[98.5,10.18],[98.7,10.19],[98.77,10.43],[98.76,10.66],[99.19,11.11],[99.48,11.61],[99.61,11.78],[99.46,12.19],[99.41,12.55],[99.22,12.74],[99.11,13.1],[99.18,13.23],[99.14,13.72],[98.93,14.05],[98.57,14.36],[98.25,14.81],[98.19,15.2],[98.57,15.4],[98.59,16.05],[98.82,16.18],[98.69,16.31],[98.48,16.73],[98.44,16.98],[98.26,17.15],[97.79,17.68],[97.7,17.83],[97.72,18.04],[97.48,18.49],[97.75,18.62],[97.71,18.93],[97.8,19.13],[97.82,19.46],[98.11,19.76],[98.24,19.69],[98.92,19.77],[99.02,20.04],[99.34,20.08],[99.64,20.32],[99.89,20.42],[100.12,20.32]]],[[[93.71,19.56],[93.76,19.33],[93.95,19.43],[93.71,19.56]]]]},"properties":{"name":"Myanmar"}},
{"type":"Feature","geometry":{"type":"Polygon","coordinates":[[[30.55,-2.4],[30.41,-2.31],[30.14,-2.41],[29.93,-2.34],[29.87,-2.72],[29.7,-2.79],[29.39,-2.81],[29.3,-2.67],[29.06,-2.6],[29.01,-2.72],[29.22,-3.05],[29.22,-3.91],[29.33,-4.1],[29.4,-4.45],[29.72,-4.46],[29.95,-4.31],[30.15,-4.09],[30.43,-3.59],[30.79,-3.27],[30.78,-2.98],[30.52,-2.92],[30.42,-2.64],[30.55,-2.4]]]},"properties":{"name":"Burundi"}},
{"type":"Feature","geometry":{"type":"Polygon","coordinates":[[[28.01,41.97],[27.71,42.35],[27.48,42.47],[27.89,42.75],[27.93,43.19],[28.13,43.4],[28.47,43.39],[28.59,43.74],[28.05,43.82],[27.88,43.99],[27.43,44.02],[27.09,44.17],[26.49,44.08],[26.22,44.01],[25.82,43.77],[25.5,43.67],[25.16,43.69],[24.43,43.79],[24.23,43.76],[23.22,43.87],[22.92,43.83],[23.03,44.08],[22.71,44.24],[22.42,44.01],[22.39,43.71],[22.55,43.45],[22.98,43.19],[22.71,42.88],[22.47,42.84],[22.44,42.63],[22.52,42.44],[22.34,42.31],[22.58,42.1],[22.84,41.99],[23.01,41.72],[22.92,41.34],[23.64,41.39],[24.06,41.53],[24.52,41.55],[24.6,41.44],[25.13,41.32],[25.25,41.24],[25.78,41.33],[26.16,41.43],[26.07,41.67],[26.32,41.72],[26.62,41.96],[27.29,42.08],[27.53,41.92],[28.01,41.97]]]},"properties":{"name":"Bulgaria"}},
{"type":"Feature","geometry":{"type":"MultiPolygon","coordinates":[[[[115.03,4.9],[115,5.02],[114.54,4.72],[114.3,4.61],[114.06,4.59],[114.22,4.48],[114.61,4.02],[114.78,4.17],[114.84,4.39],[114.75,4.72],[115.03,4.9]]],[[[115.14,4.9],[115.03,4.9],[115.03,4.69],[115.11,4.39],[115.25,4.35],[115.27,4.63],[115.14,4.9]]]]},"properties":{"name":"Brunei"}},
{"type":"Feature","geometry":{"type":"Polygon","coordinates":[[[25.26,-17.79],[24.91,-17.82],[24.53,-18.05],[24.36,-17.98],[23.9,-18.23],[23.7,-18.42],[23.58,-18.45],[23.3,-18.03],[23.1,-18.01],[22.01,-18.2],[21.23,-18.31],[20.97,-18.32],[20.98,-19.74],[20.98,-20.97],[20.97,-22],[20,-22],[20,-24.79],[20.3,-25],[25.83,-25],[25.91,-24.75],[26.4,-24.61],[26.84,-24.24],[26.99,-23.7],[27.15,-23.52],[27.89,-23.07],[28.21,-22.69],[28.38,-22.59],[28.84,-22.48],[29.13,-22.21],[29.36,-22.19],[29.11,-22.07],[29.04,-21.81],[28.53,-21.65],[28.05,-21.57],[27.67,-21.06],[27.7,-20.53],[27.28,-20.48],[27.22,-20.15],[27.09,-20.05],[26.68,-19.89],[26.17,-19.54],[25.95,-19.08],[25.94,-18.94],[25.76,-18.65],[25.49,-18.35],[25.22,-17.92],[25.26,-17.79]]]},"properties":{"name":"Botswana"}},
{"type":"Feature","geometry":{"type":"Polygon","coordinates":[[[91.63,27.76],[91.61,27.95],[91.23,28.07],[91.08,27.97],[90.72,28.07],[90.35,28.08],[90.35,28.24],[89.98,28.31],[89.54,28.11],[88.95,27.46],[88.89,27.32],[88.74,27.18],[88.86,26.96],[89.15,26.82],[89.33,26.85],[89.76,26.7],[90.12,26.75],[90.35,26.89],[90.74,26.77],[91.29,26.79],[91.43,26.87],[91.67,26.8],[92,26.85],[91.99,27.1],[92.08,27.29],[91.99,27.45],[91.74,27.44],[91.59,27.56],[91.63,27.76]]]},"properties":{"name":"Bhutan"}},
{"type":"Feature","geometry":{"type":"Polygon","coordinates":[[[31.76,52.1],[31.58,52.31],[31.54,52.8],[31.26,53.02],[31.42,53.2],[32.14,53.09],[32.7,53.34],[32.47,53.55],[32.45,53.69],[32.2,53.78],[31.75,53.81],[31.79,54.06],[31.4,54.2],[31.18,54.45],[31.12,54.65],[30.8,54.78],[30.98,55.05],[30.81,55.28],[30.91,55.57],[30.23,55.85],[29.94,55.85],[29.48,55.68],[29.38,55.94],[29.09,56.02],[28.79,55.94],[28.56,56.09],[28.15,56.14],[27.9,56.08],[27.58,55.8],[27.05,55.83],[26.59,55.67],[26.46,55.34],[26.78,55.27],[26.6,55.13],[26.29,55.14],[26.18,55],[25.86,54.92],[25.72,54.56],[25.55,54.33],[24.77,53.97],[24.32,53.89],[24.19,53.95],[23.48,53.94],[23.6,53.6],[23.89,53.03],[23.84,52.66],[23.48,52.55],[23.2,52.26],[23.65,52.04],[23.54,51.71],[23.61,51.52],[23.95,51.59],[24.36,51.87],[25.27,51.94],[25.93,51.91],[26.45,51.81],[27.14,51.75],[27.27,51.61],[28.18,51.61],[28.6,51.54],[28.65,51.46],[29.14,51.62],[29.35,51.38],[30.16,51.48],[30.33,51.33],[30.63,51.36],[30.53,51.6],[30.67,51.81],[30.98,52.05],[31.35,52.11],[31.76,52.1]]]},"properties":{"name":"Belarus"}},
{"type":"Feature","geometry":{"type":"MultiPolygon","coordinates":[[[[89.05,22.09],[89.09,21.87],[89.23,21.72],[89.45,21.82],[89.57,21.77],[89.81,21.98],[90.09,22.02],[90.16,21.82],[90.59,22.26],[90.6,22.44],[90.44,22.75],[90.47,23.05],[90.63,23.09],[90.83,22.72],[90.95,22.6],[91.15,22.61],[91.48,22.8],[91.69,22.5],[91.85,22.16],[92.01,21.68],[92.06,21.17],[92.32,20.79],[92.18,21.29],[92.33,21.44],[92.54,21.32],[92.59,21.47],[92.57,21.98],[92.49,22.69],[92.36,22.93],[92.33,23.32],[92.25,23.68],[91.93,23.69],[91.94,23.5],[91.75,23.29],[91.77,23.11],[91.62,22.98],[91.32,23.1],[91.16,23.66],[91.23,23.92],[91.37,24.09],[91.67,24.19],[91.88,24.2],[92.06,24.37],[92.25,24.9],[92.47,24.94],[92.05,25.17],[91.48,25.14],[91.29,25.18],[90.44,25.16],[89.81,25.31],[89.82,25.94],[89.71,26.17],[89.55,26.01],[89.29,26.04],[89.11,26.2],[88.44,26.37],[88.15,26.09],[88.08,25.89],[88.45,25.57],[88.77,25.49],[88.89,25.19],[88.46,25.19],[88.31,24.88],[88.15,24.91],[88.02,24.63],[88.15,24.49],[88.64,24.33],[88.73,24.23],[88.7,24],[88.57,23.67],[88.74,23.44],[88.72,23.25],[88.93,23.19],[88.85,23.04],[88.92,22.63],[89.05,22.27],[89.05,22.09]]],[[[90.78,22.09],[90.87,22.48],[90.67,22.81],[90.5,22.84],[90.65,22.54],[90.68,22.33],[90.52,22.07],[90.78,22.09]]]]},"properties":{"name":"Bangladesh"}},
{"type":"Feature","geometry":null,"properties":{"name":"Bahrain"}},
{"type":"Feature","geometry":{"type":"MultiPolygon","coordinates":[[[[44.82,39.65],[45.14,39.25],[45.48,39.01],[46.11,38.88],[45.95,39.18],[45.77,39.38],[45.75,39.56],[45.46,39.49],[45.03,39.77],[44.77,39.7],[44.82,39.65]]],[[[48.87,38.44],[48.85,38.82],[49.01,39.13],[49.2,39.07],[49.36,39.35],[49.32,39.61],[49.55,40.19],[50.31,40.41],[49.99,40.58],[49.78,40.58],[49.56,40.72],[49.23,41.03],[49.11,41.3],[48.82,41.63],[48.57,41.84],[48.39,41.6],[48.06,41.46],[47.86,41.21],[47.52,41.23],[47.26,41.32],[47.21,41.46],[46.75,41.81],[46.43,41.89],[46.18,41.66],[46.31,41.51],[46.62,41.34],[46.63,41.16],[46.46,41.07],[46.17,41.2],[45.79,41.22],[45.72,41.34],[45.28,41.45],[45,41.29],[45.59,40.85],[45.38,40.64],[45.57,40.42],[45.96,40.23],[45.79,39.88],[46.2,39.59],[46.48,39.56],[46.38,39.38],[46.55,39.2],[46.49,38.91],[46.85,39.15],[47.77,39.65],[48,39.68],[48.32,39.4],[48.14,39.31],[48.24,38.98],[48.02,38.82],[48.42,38.59],[48.59,38.41],[48.87,38.44]]]]},"properties":{"name":"Azerbaijan"}},
{"type":"Feature","geometry":{"type":"MultiPolygon","coordinates":[[[[143.18,-11.95],[142.87,-11.82],[142.84,-11.31],[142.72,-11.01],[142.46,-10.71],[142.33,-10.88],[142.17,-10.95],[142.14,-11.27],[141.95,-11.9],[141.81,-12.08],[141.68,-12.49],[141.85,-12.58],[141.78,-12.78],[141.61,-12.94],[141.65,-13.26],[141.47,-13.8],[141.59,-14.15],[141.52,-14.47],[141.63,-15.06],[141.45,-15.61],[141.41,-16.07],[141.22,-16.65],[140.97,-17.01],[140.83,-17.41],[140.51,-17.62],[140.04,-17.7],[139.44,-17.38],[139.25,-17.33],[139.01,-16.9],[138.63,-16.78],[138.25,-16.72],[137.91,-16.48],[137.7,-16.23],[137.3,-16.07],[137,-15.88],[136.78,-15.89],[136.58,-15.71],[136.29,-15.57],[136.21,-15.4],[135.53,-15],[135.41,-14.76],[135.74,-14.29],[135.88,-14.15],[135.99,-13.81],[135.93,-13.62],[135.93,-13.3],[136.29,-13.14],[136.46,-13.23],[136.59,-13],[136.54,-12.78],[136.95,-12.35],[136.72,-12.23],[136.54,-11.96],[136.44,-11.95],[136.27,-12.13],[136.33,-12.31],[136.26,-12.43],[136.08,-12.42],[136.01,-12.19],[135.74,-12.24],[135.7,-12.15],[135.89,-11.99],[135.79,-11.91],[135.22,-12.22],[135.03,-12.19],[134.73,-11.98],[134.54,-12.06],[134.24,-12.01],[133.9,-11.83],[133.53,-11.82],[133.19,-11.71],[133.02,-11.45],[132.86,-11.39],[132.68,-11.51],[132.56,-11.37],[132.26,-11.2],[132.2,-11.3],[131.96,-11.18],[131.81,-11.27],[132.13,-11.5],[132.48,-11.49],[132.67,-11.65],[132.58,-12.11],[132.37,-12.24],[132.25,-12.19],[132.06,-12.28],[131.89,-12.23],[131.44,-12.28],[131.22,-12.18],[131.05,-12.19],[131.02,-12.34],[130.67,-12.41],[130.62,-12.65],[130.4,-12.69],[130.32,-12.88],[130.17,-12.96],[130.13,-13.15],[130.26,-13.3],[130.14,-13.45],[129.84,-13.57],[129.71,-13.98],[129.46,-14.21],[129.38,-14.39],[129.61,-14.56],[129.75,-14.79],[129.46,-14.93],[129.06,-14.88],[128.64,-14.78],[128.48,-14.79],[128.18,-15.04],[128.2,-14.75],[127.89,-14.49],[127.67,-14.2],[127.29,-13.93],[126.9,-13.74],[126.78,-13.96],[126.57,-14.16],[126.4,-14.02],[126.26,-14.16],[126.11,-14.11],[126.02,-14.49],[125.68,-14.39],[125.18,-14.71],[125.24,-14.94],[124.84,-15.16],[124.56,-15.5],[124.44,-15.49],[124.38,-15.76],[124.58,-16.11],[124.39,-16.2],[124.3,-16.39],[124.13,-16.28],[123.86,-16.38],[123.73,-16.19],[123.49,-16.49],[123.78,-16.87],[123.66,-17.02],[123.53,-17.49],[123.14,-16.86],[122.97,-16.44],[122.72,-16.79],[122.43,-16.97],[122.16,-17.31],[122.15,-17.55],[122.24,-17.97],[122.36,-18.04],[122.01,-18.39],[121.83,-18.48],[121.49,-19.11],[121.18,-19.48],[120.88,-19.67],[120.2,-19.91],[119.77,-19.96],[119.59,-20.04],[119.1,-20],[118.75,-20.26],[118.2,-20.38],[117.68,-20.64],[117.41,-20.72],[117.14,-20.64],[116.71,-20.65],[116.01,-21.03],[115.46,-21.49],[114.86,-21.74],[114.6,-21.94],[114.38,-22.34],[114.16,-22.32],[114.09,-22.18],[114.14,-21.91],[113.96,-21.94],[113.68,-22.64],[113.79,-23.02],[113.76,-23.42],[113.55,-23.73],[113.42,-24.13],[113.42,-24.44],[113.69,-25],[150,-25],[150,-22.53],[149.82,-22.39],[149.7,-22.44],[149.6,-22.26],[149.46,-21.77],[149.45,-21.58],[149.33,-21.48],[149.2,-21.13],[148.79,-20.74],[148.68,-20.58],[148.76,-20.29],[148.6,-20.15],[148.37,-20.09],[148.08,-19.9],[147.92,-19.87],[147.59,-19.62],[147.42,-19.38],[147.14,-19.39],[147,-19.26],[146.83,-19.24],[146.48,-19.08],[146.3,-18.84],[146.33,-18.55],[146.22,-18.51],[146.03,-18.27],[146.13,-17.64],[145.9,-17.07],[145.91,-16.91],[145.75,-16.88],[145.43,-16.41],[145.46,-16.06],[145.27,-15.48],[145.25,-15.1],[145.29,-14.94],[144.65,-14.49],[144.47,-14.23],[144.21,-14.3],[143.96,-14.46],[143.76,-14.35],[143.55,-13.74],[143.59,-13.44],[143.4,-12.64],[143.25,-12.4],[143.11,-12.3],[143.18,-11.95]]],[[[139.51,-16.57],[139.29,-16.47],[139.16,-16.74],[139.43,-16.66],[139.51,-16.57]]],[[[136.71,-13.8],[136.66,-13.68],[136.42,-13.86],[136.43,-14.13],[136.36,-14.23],[136.89,-14.29],[136.75,-14.07],[136.71,-13.8]]],[[[130.46,-11.68],[130.34,-11.34],[130.15,-11.48],[130.2,-11.66],[130.46,-11.68]]],[[[130.62,-11.38],[130.42,-11.45],[130.64,-11.74],[130.95,-11.93],[131.29,-11.71],[131.54,-11.44],[131.27,-11.19],[131.02,-11.33],[130.62,-11.38]]]]},"properties":{"name":"Australia"}},
{"type":"Feature","geometry":null,"properties":{"name":"Indian Ocean Ter."}},
{"type":"Feature","geometry":null,"properties":{"name":"Ashmore and Cartier Is."}},
{"type":"Feature","geometry":{"type":"Polygon","coordinates":[[[44.77,39.7],[45.03,39.77],[45.46,39.49],[45.75,39.56],[45.77,39.38],[45.95,39.18],[46.11,38.88],[46.49,38.91],[46.55,39.2],[46.38,39.38],[46.48,39.56],[46.2,39.59],[45.79,39.88],[45.96,40.23],[45.57,40.42],[45.38,40.64],[45.59,40.85],[45,41.29],[44.84,41.21],[44.23,41.21],[43.44,41.11],[43.63,40.93],[43.72,40.72],[43.57,40.48],[43.79,40.07],[44.01,40.01],[44.29,40.04],[44.77,39.7]]]},"properties":{"name":"Armenia"}},
{"type":"Feature","geometry":{"type":"Polygon","coordinates":[[[23.97,-10.87],[23.83,-11.01],[23.4,-10.98],[23.16,-11.07],[22.56,-11.06],[22.28,-11.19],[22.18,-10.89],[22.28,-10.78],[22.3,-10.4],[22.2,-10.04],[21.95,-9.73],[21.81,-9.47],[21.91,-8.69],[21.9,-8.34],[21.8,-8.11],[21.78,-7.87],[21.84,-7.42],[21.75,-7.31],[20.61,-7.28],[20.48,-6.92],[20,-6.98],[20,-17.88],[20.39,-17.89],[20.63,-18],[21.11,-17.96],[21.42,-18],[23.38,-17.64],[22.96,-17.29],[22.31,-16.69],[22.15,-16.6],[21.98,-15.96],[21.98,-14.76],[21.98,-13],[23.84,-13],[23.99,-12.42],[23.96,-12.12],[23.97,-11.64],[24.05,-11.41],[23.97,-10.87]]]},"properties":{"name":"Angola"}},
{"type":"Feature","geometry":{"type":"Polygon","coordinates":[[[20,42.53],[20,39.71],[20.21,39.65],[20.38,39.84],[20.31,39.98],[20.66,40.12],[20.81,40.45],[21.03,40.66],[20.96,40.85],[20.74,40.91],[20.49,41.27],[20.45,41.52],[20.57,41.87],[20.49,42.22],[20.24,42.34],[20.06,42.55],[20,42.53]]]},"properties":{"name":"Albania"}},
{"type":"Feature","geometry":{"type":"Polygon","coordinates":[[[66.52,37.35],[66.11,37.41],[65.77,37.57],[65.55,37.25],[65.09,37.24],[64.82,37.13],[64.51,36.34],[64.36,36.23],[63.86,36.01],[63.11,35.82],[63.17,35.68],[63.06,35.45],[62.61,35.23],[62.25,35.25],[61.98,35.44],[61.54,35.46],[61.26,35.62],[61.08,34.86],[60.95,34.65],[60.73,34.52],[60.89,34.32],[60.64,34.31],[60.49,34.09],[60.51,33.64],[60.92,33.51],[60.56,33.14],[60.58,32.99],[60.83,32.25],[60.79,31.66],[60.85,31.48],[61.66,31.38],[61.81,31.07],[61.78,30.83],[60.84,29.86],[62.37,29.43],[62.48,29.41],[63.57,29.5],[64.1,29.39],[64.27,29.51],[64.52,29.56],[65.1,29.56],[66.18,29.84],[66.31,30.32],[66.29,30.61],[66.4,30.91],[66.57,31],[66.73,31.19],[66.92,31.31],[67.29,31.22],[67.74,31.34],[67.58,31.51],[68.02,31.68],[68.21,31.81],[68.6,31.8],[68.87,31.63],[69.08,31.74],[69.28,31.94],[69.24,32.43],[69.41,32.68],[69.5,33.02],[69.92,33.11],[70.26,33.29],[70.28,33.37],[70.06,33.72],[69.87,33.9],[69.99,34.05],[70.42,33.95],[70.85,33.98],[71.05,34.05],[71.1,34.37],[70.97,34.53],[71.62,35.18],[71.6,35.41],[71.43,35.83],[71.19,36.04],[71.62,36.44],[71.82,36.49],[72.16,36.7],[72.62,36.83],[73.77,36.89],[74,36.82],[74.54,37.02],[74.37,37.16],[74.73,37.29],[74.89,37.23],[74.66,37.39],[74.26,37.42],[74.17,37.33],[73.75,37.23],[73.72,37.42],[73.48,37.47],[72.9,37.27],[72.66,37.03],[72.36,36.98],[71.8,36.69],[71.6,36.73],[71.43,37.13],[71.55,37.93],[71.28,37.92],[71.33,38.17],[71.26,38.31],[70.88,38.46],[70.62,38.33],[70.42,38.08],[70.21,37.92],[70.25,37.66],[69.49,37.55],[69.41,37.21],[69.26,37.11],[68.96,37.33],[68.67,37.26],[68.07,36.95],[67.76,37.17],[67.52,37.27],[67.32,37.21],[67.07,37.33],[66.52,37.35]]]},"properties":{"name":"Afghanistan"}},
{"type":"Feature","geometry":{"type":"Polygon","coordinates":[[[77.05,35.11],[77.8,35.5],[77.45,35.48],[76.77,35.66],[77.05,35.11]]]},"properties":{"name":"Siachen Glacier"}}
]}